YOB;NKID;DEP;PHON;SINC;AES;DAINC;RES;DHVAL;DMORT;DOUTM;DOUTL;DOUTHP;DOUTCC;BAD
19.0;4.0;.0;1;.00;R;.00;O;14464.00;4.00;.00;.00;.00;.00;.00
41.0;2.0;.0;1;.00;P;36000.00;O;.00;.00;280.00;664.00;.00;80.00;.00
66.0;.0;.0;1;.00;N;30000.00;N;.00;.00;.00;.00;.00;.00;.00
51.0;2.0;.0;1;.00;P;464.00;O;24928.00;8464.00;584.00;320.00;.00;60.00;.00
65.0;.0;.0;1;.00;P;15000.00;P;.00;.00;.00;.00;.00;.00;.00
42.0;2.0;.0;1;10500.00;E;48000.00;O;43392.00;46464.00;1120.00;.00;.00;.00;.00
59.0;.0;.0;1;6500.00;B;30000.00;O;62464.00;56000.00;520.00;.00;96.00;.00;.00
43.0;1.0;.0;1;13500.00;E;9000.00;O;63392.00;54464.00;.00;200.00;.00;.00;.00
52.0;.0;.0;1;.00;E;22500.00;P;.00;.00;.00;200.00;.00;80.00;.00
65.0;.0;.0;1;.00;P;19500.00;O;26464.00;4464.00;540.00;.00;.00;.00;.00
48.0;2.0;.0;1;.00;E;30000.00;O;38464.00;23664.00;600.00;.00;524.00;.00;.00
55.0;.0;.0;1;8000.00;V;21000.00;O;14464.00;64000.00;376.00;.00;.00;.00;.00
44.0;.0;.0;1;.00;P;24000.00;O;54464.00;.00;384.00;.00;.00;.00;.00
53.0;1.0;.0;1;10000.00;V;28170.00;O;8928.00;28000.00;404.00;.00;.00;.00;.00
54.0;2.0;.0;1;2100.00;N;48000.00;O;50464.00;28464.00;600.00;.00;.00;88.00;.00
62.0;.0;.0;1;.00;P;18009.00;F;.00;.00;280.00;.00;.00;.00;.00
46.0;1.0;.0;1;2500.00;P;33000.00;O;3392.00;54000.00;.00;240.00;480.00;.00;.00
19.0;.0;.0;1;104.00;R;24000.00;O;52928.00;4.00;.00;.00;.00;.00;.00
62.0;.0;.0;1;8970.00;B;18474.00;O;57464.00;28008.00;748.00;.00;.00;140.00;.00
64.0;.0;.0;1;.00;T;4170.00;P;.00;.00;.00;.00;.00;.00;.00
31.0;.0;.0;1;20000.00;U;.00;O;.00;.00;.00;.00;.00;.00;1.00
33.0;.0;.0;1;3600.00;P;9360.00;U;.00;.00;152.00;512.00;.00;.00;1.00
38.0;2.0;.0;1;5000.00;V;18464.00;O;13568.00;28928.00;.00;2000.00;.00;600.00;.00
31.0;2.0;1.0;1;.00;P;33464.00;F;.00;.00;2800.00;.00;.00;800.00;.00
55.0;1.0;1.0;1;.00;P;27000.00;O;16928.00;14464.00;580.00;.00;.00;.00;.00
31.0;2.0;.0;0;.00;P;3928.00;F;.00;.00;852.00;.00;.00;.00;.00
33.0;.0;.0;1;.00;P;33750.00;O;54464.00;30464.00;940.00;460.00;44.00;.00;.00
29.0;.0;.0;1;1000.00;P;60000.00;O;3392.00;4.00;.00;.00;.00;.00;.00
63.0;.0;.0;0;.00;P;18300.00;F;.00;.00;500.00;.00;.00;.00;.00
42.0;3.0;.0;1;1000.00;V;26637.00;O;54464.00;4.00;.00;.00;276.00;.00;.00
45.0;4.0;.0;1;10400.00;V;6600.00;O;48928.00;54000.00;352.00;124.00;.00;.00;.00
60.0;.0;.0;1;8000.00;P;36000.00;O;48928.00;20928.00;1608.00;800.00;.00;.00;.00
28.0;.0;.0;1;.00;V;17100.00;F;.00;.00;.00;100.00;.00;.00;.00
63.0;.0;.0;1;.00;B;26400.00;P;.00;.00;320.00;316.00;.00;.00;.00
59.0;1.0;.0;1;2000.00;P;48000.00;O;36928.00;50464.00;776.00;276.00;.00;.00;.00
65.0;.0;.0;0;.00;V;9000.00;O;36000.00;20000.00;220.00;112.00;.00;.00;.00
44.0;2.0;.0;1;.00;V;42000.00;O;28928.00;22000.00;108.00;56.00;.00;.00;.00
64.0;.0;.0;1;.00;V;21357.00;P;.00;.00;.00;.00;.00;.00;1.00
66.0;.0;.0;1;.00;P;15000.00;P;.00;.00;.00;.00;.00;.00;1.00
45.0;.0;.0;1;30000.00;W;.00;O;21248.00;14464.00;.00;.00;.00;.00;.00
68.0;.0;.0;1;.00;T;6189.00;P;.00;.00;.00;.00;.00;.00;.00
54.0;2.0;.0;1;.00;P;55068.00;O;43392.00;4.00;.00;.00;.00;.00;.00
45.0;4.0;.0;1;.00;E;42000.00;O;28928.00;34464.00;988.00;.00;.00;.00;.00
13.0;.0;.0;0;850.00;R;37500.00;U;.00;.00;520.00;.00;.00;.00;.00
58.0;.0;.0;1;.00;P;40500.00;O;26464.00;64000.00;520.00;.00;.00;.00;.00
66.0;.0;.0;1;.00;P;21750.00;P;.00;.00;.00;.00;.00;60.00;1.00
59.0;1.0;.0;1;16000.00;V;15000.00;O;24928.00;54464.00;960.00;180.00;.00;.00;.00
68.0;.0;.0;1;.00;T;.00;P;48928.00;6464.00;.00;.00;.00;.00;.00
99.0;.0;.0;1;.00;R;.00;O;34464.00;4.00;.00;.00;.00;.00;.00
45.0;4.0;.0;1;20000.00;W;.00;F;.00;.00;.00;.00;.00;.00;.00
31.0;.0;.0;1;.00;V;34170.00;O;.00;.00;.00;.00;.00;.00;1.00
54.0;.0;.0;1;.00;P;23646.00;O;4928.00;4.00;.00;380.00;.00;32.00;.00
57.0;.0;.0;1;.00;P;18765.00;N;.00;.00;.00;.00;.00;.00;.00
28.0;.0;.0;1;.00;R;.00;U;.00;.00;432.00;.00;.00;.00;.00
57.0;3.0;.0;1;2928.00;E;8784.00;U;.00;.00;400.00;.00;.00;.00;.00
55.0;3.0;.0;1;4000.00;V;60000.00;O;57856.00;56928.00;2000.00;.00;.00;600.00;.00
68.0;.0;.0;0;.00;T;13800.00;P;.00;.00;400.00;.00;.00;.00;1.00
67.0;.0;.0;1;.00;T;18000.00;P;.00;.00;400.00;.00;.00;.00;.00
19.0;.0;.0;1;.00;R;12000.00;O;30464.00;4.00;.00;.00;.00;.00;.00
57.0;.0;.0;1;.00;P;52500.00;P;.00;.00;.00;.00;.00;.00;.00
35.0;.0;.0;1;.00;E;34500.00;O;3392.00;36000.00;288.00;.00;.00;.00;.00
66.0;.0;.0;1;.00;M;1620.00;N;.00;.00;.00;272.00;.00;.00;1.00
46.0;2.0;.0;1;1960.00;P;39750.00;O;12464.00;29200.00;304.00;80.00;.00;80.00;.00
59.0;.0;.0;1;7195.00;V;19728.00;O;40464.00;56000.00;292.00;.00;.00;.00;.00
60.0;.0;.0;1;.00;P;22200.00;P;.00;.00;.00;.00;.00;.00;.00
63.0;.0;.0;1;.00;V;12825.00;N;.00;.00;.00;.00;.00;20.00;.00
66.0;.0;.0;1;.00;P;16500.00;P;.00;.00;.00;.00;.00;.00;.00
60.0;1.0;.0;1;.00;P;36012.00;O;62464.00;40464.00;1000.00;.00;.00;.00;.00
59.0;1.0;.0;1;.00;V;36000.00;O;58464.00;26464.00;1160.00;640.00;.00;.00;.00
62.0;.0;.0;1;.00;P;18000.00;F;.00;.00;572.00;.00;.00;.00;.00
49.0;.0;.0;1;.00;P;43800.00;O;12928.00;22464.00;760.00;240.00;.00;100.00;.00
61.0;.0;.0;0;.00;M;30510.00;F;.00;.00;384.00;.00;.00;.00;.00
52.0;.0;.0;1;2000.00;E;60000.00;O;63392.00;43392.00;2280.00;.00;.00;.00;.00
50.0;2.0;.0;1;.00;V;59931.00;O;11392.00;54464.00;880.00;576.00;.00;64.00;.00
67.0;.0;.0;1;.00;T;.00;P;.00;.00;.00;.00;.00;.00;.00
61.0;.0;.0;0;.00;M;30300.00;F;.00;.00;.00;.00;80.00;60.00;.00
61.0;.0;.0;1;.00;V;21474.00;U;.00;.00;.00;.00;.00;640.00;.00
37.0;.0;.0;1;7500.00;P;3000.00;O;8928.00;4.00;.00;.00;.00;20.00;.00
64.0;.0;.0;1;.00;P;18000.00;F;.00;.00;480.00;.00;.00;.00;.00
15.0;.0;.0;1;.00;R;15300.00;O;42464.00;.00;.00;.00;.00;.00;.00
38.0;.0;.0;1;3000.00;E;22500.00;O;28928.00;12000.00;224.00;.00;.00;100.00;.00
68.0;.0;.0;1;.00;T;5862.00;U;.00;.00;160.00;.00;.00;.00;.00
56.0;3.0;.0;1;9000.00;P;15000.00;U;.00;.00;448.00;.00;.00;.00;.00
24.0;.0;.0;1;.00;V;23445.00;O;4928.00;4.00;.00;.00;.00;120.00;.00
45.0;1.0;.0;1;.00;P;29769.00;U;.00;.00;408.00;.00;.00;40.00;.00
57.0;.0;.0;1;.00;E;7800.00;F;.00;.00;.00;.00;.00;.00;1.00
52.0;2.0;1.0;1;.00;P;45000.00;O;54464.00;14464.00;684.00;.00;.00;.00;.00
62.0;.0;.0;1;.00;V;60464.00;N;.00;.00;.00;.00;.00;.00;.00
43.0;.0;.0;1;9500.00;P;23400.00;O;34464.00;60000.00;488.00;200.00;.00;100.00;.00
21.0;.0;.0;1;.00;R;.00;O;.00;.00;.00;152.00;.00;.00;.00
39.0;3.0;.0;1;3600.00;P;36000.00;O;8928.00;.00;380.00;152.00;.00;32.00;.00
63.0;.0;.0;1;.00;P;33000.00;U;.00;.00;356.00;424.00;.00;200.00;.00
53.0;.0;.0;1;5000.00;P;36000.00;O;26464.00;51200.00;440.00;380.00;.00;60.00;.00
64.0;.0;.0;1;.00;E;24000.00;P;.00;.00;.00;.00;.00;.00;.00
35.0;.0;.0;1;.00;V;23100.00;U;.00;.00;340.00;.00;.00;100.00;.00
61.0;.0;.0;1;.00;P;19500.00;P;.00;.00;.00;.00;.00;160.00;1.00
33.0;1.0;.0;1;1750.00;V;24464.00;O;57856.00;36000.00;600.00;.00;.00;80.00;.00
49.0;1.0;.0;1;3500.00;P;34200.00;O;62464.00;41664.00;752.00;.00;64.00;160.00;.00
53.0;2.0;.0;1;.00;E;39464.00;O;6784.00;28928.00;2000.00;.00;.00;.00;.00
55.0;.0;.0;1;.00;P;40500.00;O;23392.00;48464.00;1040.00;.00;.00;.00;1.00
57.0;.0;.0;1;.00;V;28500.00;O;4928.00;14052.00;672.00;436.00;.00;128.00;.00
39.0;5.0;.0;1;.00;E;.00;O;48928.00;40000.00;612.00;.00;.00;.00;.00
62.0;.0;.0;1;.00;P;20907.00;F;.00;.00;400.00;.00;.00;.00;.00
36.0;3.0;.0;1;.00;V;57000.00;O;23392.00;24000.00;340.00;.00;.00;.00;.00
61.0;.0;.0;1;.00;P;25500.00;P;.00;.00;.00;668.00;.00;80.00;1.00
43.0;2.0;.0;1;1500.00;P;42000.00;O;48928.00;48000.00;440.00;140.00;.00;.00;.00
21.0;.0;.0;1;.00;R;24000.00;O;43392.00;4.00;.00;.00;.00;.00;.00
66.0;.0;.0;1;.00;P;2961.00;F;.00;.00;300.00;.00;.00;80.00;.00
68.0;.0;.0;1;.00;P;14625.00;P;.00;.00;160.00;272.00;.00;.00;.00
25.0;2.0;.0;1;.00;P;18928.00;O;10176.00;2464.00;1520.00;.00;.00;.00;.00
58.0;.0;.0;1;.00;P;18000.00;P;.00;.00;400.00;.00;.00;.00;.00
37.0;1.0;.0;1;15000.00;P;10500.00;O;48928.00;4.00;.00;.00;.00;.00;.00
62.0;.0;.0;1;.00;P;28200.00;O;6464.00;58000.00;488.00;.00;.00;.00;.00
57.0;1.0;1.0;1;4800.00;M;58500.00;O;60928.00;46928.00;1840.00;436.00;.00;.00;.00
47.0;2.0;.0;1;2500.00;E;24000.00;O;64464.00;52000.00;520.00;.00;.00;.00;.00
58.0;2.0;.0;1;1500.00;E;24000.00;O;23392.00;10464.00;676.00;.00;.00;.00;.00
52.0;2.0;.0;1;2500.00;V;32403.00;O;4928.00;8464.00;536.00;104.00;.00;100.00;.00
42.0;.0;.0;1;.00;P;30000.00;O;45664.00;34464.00;760.00;800.00;.00;.00;.00
66.0;.0;.0;1;.00;P;18000.00;O;64000.00;.00;416.00;192.00;.00;.00;.00
39.0;.0;.0;1;.00;V;.00;U;.00;.00;416.00;.00;.00;.00;.00
17.0;.0;.0;1;.00;R;16200.00;F;.00;.00;160.00;.00;.00;.00;.00
60.0;.0;.0;0;.00;V;24300.00;O;62000.00;60000.00;440.00;156.00;.00;.00;.00
65.0;.0;.0;1;.00;E;45000.00;P;.00;.00;200.00;.00;.00;.00;.00
58.0;.0;.0;1;.00;B;30900.00;F;.00;.00;280.00;.00;.00;.00;.00
26.0;.0;.0;1;.00;E;9464.00;O;17856.00;.00;.00;.00;.00;.00;.00
48.0;3.0;.0;1;.00;P;41400.00;O;6464.00;36000.00;352.00;320.00;.00;.00;.00
45.0;2.0;.0;1;6250.00;V;41256.00;O;60928.00;56464.00;1292.00;.00;.00;.00;.00
54.0;2.0;.0;1;.00;V;31500.00;O;54464.00;.00;912.00;88.00;.00;200.00;1.00
62.0;1.0;.0;1;.00;E;33000.00;O;14464.00;4.00;.00;.00;.00;.00;1.00
42.0;2.0;.0;1;6000.00;P;27000.00;O;63392.00;20000.00;460.00;.00;.00;.00;1.00
48.0;2.0;.0;1;1800.00;V;51000.00;O;43392.00;14464.00;800.00;.00;.00;.00;.00
46.0;2.0;1.0;1;.00;P;15464.00;O;15712.00;28928.00;520.00;.00;.00;.00;.00
63.0;.0;.0;1;.00;P;18750.00;O;464.00;.00;600.00;.00;.00;.00;.00
63.0;.0;.0;1;.00;E;24000.00;P;.00;.00;.00;428.00;.00;.00;.00
65.0;.0;.0;1;4000.00;P;17700.00;O;2464.00;64000.00;500.00;200.00;.00;.00;.00
61.0;.0;.0;0;.00;P;16500.00;F;.00;.00;400.00;80.00;.00;.00;1.00
59.0;.0;.0;1;.00;V;30000.00;P;.00;.00;.00;.00;.00;.00;.00
61.0;.0;.0;1;.00;P;37500.00;P;.00;.00;.00;.00;.00;.00;.00
62.0;.0;.0;1;.00;T;13800.00;O;27392.00;4928.00;400.00;.00;.00;.00;.00
34.0;1.0;1.0;1;.00;E;9464.00;O;17856.00;16000.00;552.00;.00;.00;400.00;.00
59.0;.0;.0;1;6000.00;B;30900.00;O;62464.00;.00;.00;1400.00;.00;.00;.00
64.0;.0;.0;1;.00;P;18300.00;P;.00;.00;.00;.00;.00;.00;.00
44.0;2.0;.0;1;.00;P;15464.00;O;59392.00;54464.00;2240.00;.00;.00;.00;.00
61.0;.0;.0;1;.00;P;33000.00;P;.00;.00;100.00;500.00;.00;.00;.00
13.0;.0;.0;1;.00;R;45000.00;O;6784.00;4.00;.00;.00;.00;400.00;.00
29.0;1.0;.0;1;.00;E;36000.00;O;23392.00;38464.00;1048.00;.00;.00;.00;1.00
55.0;2.0;.0;1;.00;E;48928.00;O;41248.00;48928.00;1960.00;.00;.00;.00;1.00
44.0;.0;.0;0;.00;V;30900.00;O;58928.00;54464.00;840.00;440.00;.00;80.00;.00
47.0;2.0;.0;1;.00;E;.00;U;.00;.00;.00;.00;.00;.00;.00
65.0;.0;.0;1;.00;P;15000.00;P;.00;.00;.00;.00;.00;.00;1.00
26.0;.0;.0;1;.00;P;15600.00;O;18464.00;28000.00;240.00;.00;.00;.00;1.00
47.0;.0;.0;1;.00;P;22500.00;O;23392.00;30464.00;888.00;.00;.00;.00;1.00
40.0;1.0;.0;1;14500.00;V;57000.00;O;12320.00;12464.00;680.00;.00;.00;80.00;.00
36.0;.0;.0;1;.00;V;16947.00;U;.00;.00;.00;.00;464.00;.00;.00
63.0;.0;.0;1;5200.00;P;11700.00;O;22464.00;.00;540.00;264.00;100.00;160.00;1.00
26.0;.0;.0;1;.00;R;17400.00;O;22464.00;4.00;.00;.00;464.00;.00;.00
37.0;1.0;.0;1;.00;V;51000.00;O;36928.00;8864.00;712.00;.00;.00;.00;1.00
35.0;.0;.0;1;.00;P;21000.00;O;34464.00;.00;240.00;.00;.00;.00;.00
64.0;.0;.0;1;.00;V;18252.00;P;.00;.00;.00;.00;.00;.00;.00
64.0;.0;.0;1;.00;P;12000.00;P;.00;.00;.00;.00;.00;.00;.00
56.0;1.0;.0;1;8050.00;V;43500.00;O;8928.00;62464.00;1168.00;.00;56.00;.00;.00
56.0;.0;.0;1;11300.00;P;24000.00;O;48928.00;58464.00;880.00;304.00;.00;.00;.00
42.0;1.0;2.0;1;5040.00;P;27000.00;O;4928.00;54464.00;772.00;.00;.00;.00;.00
64.0;.0;.0;1;.00;P;27000.00;P;.00;.00;400.00;472.00;.00;.00;.00
31.0;2.0;.0;1;.00;P;31500.00;O;63392.00;50000.00;728.00;.00;.00;.00;.00
61.0;1.0;.0;1;.00;P;31671.00;O;12928.00;928.00;540.00;316.00;.00;120.00;1.00
47.0;2.0;.0;1;.00;P;18000.00;U;.00;.00;400.00;.00;.00;.00;.00
56.0;.0;.0;1;.00;P;17700.00;F;.00;.00;400.00;.00;.00;.00;.00
49.0;1.0;.0;1;9600.00;P;22500.00;O;43392.00;4928.00;1440.00;.00;.00;160.00;1.00
58.0;.0;.0;1;.00;P;18000.00;O;.00;.00;400.00;.00;.00;.00;.00
19.0;.0;.0;1;.00;R;.00;O;.00;.00;.00;.00;.00;.00;1.00
51.0;2.0;.0;1;.00;P;33000.00;O;46464.00;60000.00;428.00;132.00;504.00;.00;.00
69.0;.0;.0;1;.00;T;4329.00;P;.00;.00;.00;.00;.00;.00;.00
56.0;1.0;.0;0;.00;P;24464.00;O;56928.00;56928.00;1920.00;.00;.00;1200.00;.00
67.0;.0;.0;1;.00;T;10500.00;P;.00;.00;288.00;.00;.00;.00;.00
29.0;.0;.0;0;.00;E;.00;O;.00;.00;.00;.00;.00;.00;.00
64.0;.0;.0;0;.00;P;16500.00;O;26464.00;26464.00;668.00;96.00;160.00;.00;.00
52.0;2.0;.0;1;.00;P;25500.00;O;38464.00;.00;768.00;.00;.00;.00;.00
48.0;3.0;.0;1;.00;P;464.00;O;23392.00;2464.00;.00;.00;.00;.00;.00
62.0;.0;.0;1;8000.00;P;24000.00;O;26464.00;.00;680.00;.00;.00;.00;.00
67.0;.0;.0;1;.00;T;6000.00;P;.00;.00;.00;.00;.00;.00;.00
37.0;1.0;.0;1;1300.00;P;31500.00;U;.00;.00;392.00;.00;152.00;160.00;.00
53.0;3.0;.0;1;.00;E;34500.00;O;10928.00;14464.00;660.00;.00;.00;.00;.00
67.0;.0;.0;1;.00;T;.00;P;.00;.00;.00;.00;.00;.00;.00
38.0;.0;2.0;1;.00;R;10947.00;U;.00;.00;.00;.00;.00;28.00;.00
51.0;1.0;.0;1;2000.00;P;36000.00;O;20928.00;34464.00;720.00;200.00;.00;.00;.00
55.0;3.0;.0;1;.00;P;24000.00;O;50464.00;30464.00;880.00;.00;.00;.00;.00
56.0;3.0;.0;1;.00;M;55200.00;U;.00;.00;560.00;200.00;600.00;200.00;.00
52.0;3.0;.0;1;.00;P;19500.00;O;60000.00;4.00;.00;.00;.00;.00;.00
65.0;.0;.0;1;.00;P;10476.00;P;.00;.00;240.00;.00;80.00;.00;1.00
50.0;2.0;.0;0;.00;M;39000.00;O;28928.00;42464.00;1000.00;240.00;.00;.00;.00
19.0;.0;.0;1;1209.00;R;19761.00;U;.00;.00;340.00;52.00;.00;.00;.00
43.0;1.0;.0;1;.00;P;27000.00;U;.00;.00;360.00;.00;.00;.00;.00
53.0;2.0;.0;1;.00;V;39132.00;O;60928.00;14464.00;760.00;.00;.00;.00;.00
64.0;.0;.0;1;.00;P;9600.00;P;.00;.00;224.00;.00;.00;.00;.00
53.0;1.0;.0;1;.00;P;52500.00;O;24928.00;54464.00;1108.00;348.00;.00;.00;.00
66.0;.0;.0;1;.00;T;5700.00;P;.00;.00;356.00;.00;.00;.00;.00
41.0;.0;.0;1;8000.00;P;36000.00;O;11392.00;6588.00;184.00;.00;.00;.00;.00
50.0;4.0;.0;1;7000.00;P;30000.00;O;8928.00;64000.00;500.00;540.00;.00;.00;1.00
51.0;.0;.0;1;.00;V;9600.00;U;.00;.00;256.00;.00;.00;.00;.00
37.0;3.0;.0;1;22500.00;P;1964.00;O;21248.00;4.00;.00;1600.00;.00;2400.00;.00
56.0;.0;.0;1;.00;P;30000.00;O;42464.00;16464.00;744.00;188.00;.00;.00;1.00
27.0;.0;.0;1;.00;R;18000.00;O;.00;.00;.00;.00;.00;.00;.00
59.0;.0;.0;1;.00;P;31500.00;O;58464.00;26464.00;640.00;.00;.00;200.00;1.00
28.0;.0;.0;1;5200.00;E;.00;O;43392.00;4.00;.00;.00;.00;.00;.00
51.0;1.0;.0;0;.00;P;54000.00;O;3392.00;22928.00;1580.00;.00;.00;.00;.00
48.0;2.0;.0;1;4200.00;P;54000.00;O;43392.00;56000.00;.00;.00;1600.00;.00;.00
58.0;.0;.0;1;.00;P;43500.00;O;20928.00;.00;800.00;.00;.00;280.00;1.00
29.0;.0;.0;1;.00;V;60000.00;O;.00;.00;.00;.00;.00;.00;.00
48.0;2.0;.0;1;5500.00;P;3000.00;U;.00;.00;.00;.00;.00;.00;1.00
48.0;3.0;.0;1;3000.00;P;22500.00;F;.00;.00;408.00;240.00;.00;.00;.00
52.0;3.0;.0;1;.00;V;51900.00;U;.00;.00;1360.00;480.00;.00;160.00;.00
62.0;1.0;.0;1;2356.00;V;27000.00;U;.00;.00;500.00;100.00;340.00;60.00;.00
64.0;.0;.0;1;.00;V;17250.00;F;.00;.00;336.00;.00;.00;.00;.00
50.0;.0;.0;1;9473.00;V;36000.00;O;60928.00;32464.00;720.00;.00;.00;.00;.00
30.0;.0;.0;1;.00;P;6240.00;O;.00;.00;.00;.00;.00;.00;.00
66.0;.0;.0;1;.00;P;14625.00;P;.00;.00;240.00;92.00;160.00;.00;.00
65.0;.0;.0;1;.00;P;15054.00;P;.00;.00;.00;.00;.00;40.00;.00
55.0;2.0;.0;1;.00;P;60000.00;O;8928.00;26464.00;800.00;.00;356.00;.00;.00
54.0;1.0;.0;1;10000.00;V;6900.00;O;36928.00;6400.00;512.00;76.00;.00;.00;.00
38.0;.0;.0;1;.00;V;32769.00;O;2464.00;.00;.00;160.00;.00;.00;.00
33.0;.0;.0;0;.00;E;9464.00;O;10176.00;4.00;.00;.00;.00;.00;.00
23.0;.0;.0;1;.00;R;14400.00;O;8928.00;5440.00;272.00;.00;.00;.00;.00
51.0;2.0;.0;1;.00;P;42600.00;O;4928.00;4.00;.00;.00;.00;.00;.00
41.0;3.0;.0;1;1976.00;P;17940.00;U;.00;.00;496.00;124.00;.00;.00;.00
42.0;1.0;.0;1;.00;V;17100.00;U;.00;.00;352.00;432.00;.00;80.00;.00
54.0;1.0;2.0;1;.00;P;30000.00;O;38464.00;14400.00;212.00;.00;.00;.00;.00
31.0;.0;.0;1;.00;P;18750.00;U;.00;.00;.00;212.00;.00;.00;.00
58.0;.0;.0;1;.00;V;15300.00;F;.00;.00;480.00;.00;.00;.00;.00
58.0;.0;.0;1;.00;P;33600.00;P;.00;.00;.00;.00;.00;120.00;.00
39.0;.0;.0;1;.00;W;.00;O;46464.00;26464.00;.00;.00;.00;.00;1.00
40.0;.0;.0;1;.00;P;48000.00;O;52320.00;28928.00;.00;400.00;.00;.00;.00
57.0;2.0;.0;1;.00;V;31500.00;O;48928.00;54464.00;944.00;.00;.00;.00;.00
40.0;1.0;.0;1;6000.00;E;45000.00;O;11392.00;56000.00;408.00;216.00;.00;200.00;.00
38.0;2.0;.0;1;.00;B;54000.00;O;4928.00;28000.00;324.00;640.00;.00;240.00;1.00
12.0;.0;.0;1;.00;R;.00;U;.00;.00;276.00;.00;.00;.00;.00
64.0;.0;.0;1;.00;P;19500.00;P;.00;.00;400.00;344.00;.00;.00;.00
49.0;3.0;.0;1;.00;P;42000.00;N;.00;.00;.00;1080.00;.00;.00;1.00
52.0;2.0;.0;1;.00;E;22500.00;O;34464.00;4.00;.00;.00;.00;80.00;.00
57.0;.0;.0;1;8500.00;V;28200.00;O;46464.00;18464.00;644.00;240.00;520.00;20.00;.00
67.0;.0;.0;1;.00;T;5580.00;F;.00;.00;272.00;.00;.00;.00;.00
58.0;.0;.0;1;.00;P;24464.00;U;.00;.00;.00;.00;.00;.00;.00
67.0;.0;.0;1;.00;P;12900.00;P;.00;.00;240.00;.00;.00;.00;.00
56.0;.0;.0;1;.00;P;24000.00;O;64000.00;.00;400.00;.00;.00;120.00;1.00
57.0;.0;.0;1;.00;P;22500.00;P;.00;.00;.00;.00;.00;.00;.00
40.0;.0;.0;1;8000.00;P;15000.00;O;24928.00;56000.00;416.00;384.00;.00;.00;.00
68.0;.0;.0;1;.00;T;5703.00;F;.00;.00;400.00;.00;.00;.00;.00
66.0;.0;.0;1;.00;T;6600.00;P;.00;.00;400.00;.00;.00;.00;.00
64.0;.0;.0;1;.00;P;17739.00;F;.00;.00;320.00;.00;.00;.00;.00
56.0;1.0;.0;1;.00;P;30000.00;O;8928.00;34464.00;848.00;.00;128.00;96.00;.00
59.0;.0;.0;1;.00;P;36000.00;O;52928.00;24928.00;1684.00;228.00;208.00;.00;1.00
57.0;.0;.0;1;8200.00;P;54000.00;O;8320.00;5856.00;2400.00;580.00;.00;.00;.00
52.0;4.0;.0;1;.00;P;48000.00;O;57856.00;28928.00;1296.00;280.00;.00;200.00;.00
59.0;1.0;.0;1;.00;V;13500.00;O;46464.00;34464.00;.00;.00;.00;.00;.00
52.0;1.0;.0;1;11500.00;W;.00;O;15392.00;60000.00;388.00;.00;.00;.00;.00
64.0;.0;.0;0;7800.00;V;19800.00;O;30464.00;26464.00;.00;.00;.00;.00;.00
45.0;1.0;1.0;1;.00;E;18000.00;U;.00;.00;392.00;.00;.00;.00;.00
60.0;.0;.0;1;.00;B;22500.00;P;.00;.00;320.00;320.00;.00;.00;.00
46.0;2.0;.0;1;.00;E;45000.00;O;28928.00;1928.00;1400.00;920.00;.00;.00;.00
68.0;.0;.0;1;.00;P;8100.00;P;.00;.00;.00;.00;.00;.00;.00
61.0;.0;.0;0;9100.00;P;38100.00;O;49464.00;48464.00;600.00;.00;.00;120.00;.00
27.0;.0;.0;1;3321.00;P;45000.00;O;9856.00;28000.00;320.00;608.00;100.00;.00;1.00
63.0;1.0;.0;1;12000.00;E;3000.00;O;6464.00;48000.00;440.00;.00;208.00;.00;.00
63.0;.0;.0;1;.00;P;12000.00;P;.00;.00;.00;.00;.00;.00;.00
67.0;.0;.0;1;.00;T;7500.00;P;.00;.00;.00;.00;.00;.00;.00
66.0;.0;.0;1;.00;P;16500.00;F;.00;.00;340.00;.00;.00;.00;.00
40.0;.0;.0;0;.00;B;60000.00;O;37856.00;34464.00;.00;.00;.00;.00;.00
35.0;2.0;.0;1;.00;P;19500.00;O;48928.00;4800.00;.00;.00;.00;.00;.00
59.0;.0;.0;1;.00;V;15300.00;N;.00;.00;400.00;.00;.00;40.00;1.00
60.0;.0;.0;1;.00;P;41700.00;F;.00;.00;440.00;600.00;.00;400.00;.00
37.0;.0;.0;1;15000.00;W;.00;O;3392.00;4.00;.00;.00;.00;.00;.00
47.0;.0;.0;0;.00;E;.00;N;.00;.00;.00;.00;.00;.00;.00
44.0;2.0;1.0;1;3000.00;P;18000.00;O;54464.00;56000.00;432.00;.00;.00;60.00;.00
63.0;.0;.0;1;.00;V;25500.00;P;.00;.00;.00;.00;.00;.00;.00
64.0;1.0;.0;1;.00;P;15000.00;O;57856.00;35392.00;.00;.00;.00;.00;.00
14.0;.0;.0;1;.00;R;9900.00;O;54464.00;4.00;.00;.00;.00;.00;.00
35.0;2.0;.0;1;.00;E;30000.00;O;54464.00;4.00;.00;.00;.00;.00;.00
59.0;.0;.0;1;.00;P;45000.00;O;30464.00;2464.00;508.00;.00;40.00;.00;1.00
52.0;3.0;.0;1;1040.00;P;31200.00;O;28464.00;.00;612.00;196.00;.00;.00;1.00
58.0;.0;.0;1;3600.00;P;17493.00;U;48928.00;.00;.00;.00;.00;.00;.00
55.0;.0;.0;1;.00;P;18000.00;U;.00;.00;.00;1000.00;.00;.00;.00
55.0;2.0;.0;1;.00;P;45000.00;O;32928.00;928.00;1360.00;204.00;.00;40.00;.00
55.0;2.0;.0;1;1100.00;V;40950.00;O;8928.00;26464.00;744.00;.00;120.00;80.00;.00
63.0;.0;.0;0;.00;T;.00;F;.00;.00;.00;.00;.00;.00;.00
63.0;.0;.0;1;.00;T;5538.00;F;.00;.00;436.00;.00;.00;.00;.00
48.0;.0;.0;1;.00;V;29739.00;N;.00;.00;.00;1048.00;.00;.00;.00
41.0;.0;.0;1;12000.00;P;18000.00;O;18464.00;40000.00;116.00;1128.00;.00;.00;.00
65.0;.0;.0;1;.00;P;13065.00;P;.00;.00;240.00;.00;.00;.00;.00
11.0;.0;.0;1;.00;R;.00;N;.00;.00;.00;.00;.00;.00;.00
49.0;4.0;.0;1;.00;V;25484.00;O;3392.00;8928.00;648.00;.00;.00;.00;.00
15.0;.0;.0;1;.00;R;27000.00;O;28928.00;.00;.00;.00;.00;.00;1.00
57.0;1.0;.0;1;.00;E;54000.00;O;63392.00;8928.00;840.00;.00;.00;.00;.00
62.0;.0;.0;1;.00;B;30000.00;P;.00;.00;400.00;.00;.00;.00;.00
64.0;.0;.0;0;.00;T;5862.00;F;.00;.00;44.00;.00;.00;.00;.00
48.0;2.0;.0;1;5000.00;P;60000.00;O;39104.00;4.00;.00;.00;.00;.00;.00
37.0;2.0;.0;1;10000.00;P;60000.00;O;17856.00;42464.00;1480.00;.00;.00;.00;.00
52.0;.0;.0;1;.00;E;.00;O;.00;.00;1160.00;.00;.00;.00;1.00
66.0;.0;.0;1;.00;P;21600.00;F;.00;.00;400.00;60.00;.00;28.00;1.00
18.0;.0;.0;1;.00;R;.00;F;.00;.00;.00;.00;.00;.00;1.00
58.0;2.0;.0;1;3750.00;E;24464.00;U;.00;.00;480.00;.00;.00;200.00;.00
62.0;.0;.0;1;.00;V;.00;P;.00;.00;.00;.00;.00;.00;1.00
63.0;1.0;.0;0;.00;V;27000.00;U;.00;.00;320.00;152.00;.00;40.00;.00
48.0;3.0;.0;1;.00;V;31887.00;O;18464.00;18464.00;732.00;80.00;232.00;.00;.00
67.0;.0;.0;1;.00;T;.00;P;56928.00;.00;.00;.00;.00;.00;.00
56.0;.0;.0;1;9000.00;P;8640.00;O;36928.00;30464.00;820.00;.00;.00;.00;.00
39.0;1.0;.0;1;10000.00;P;52500.00;O;57856.00;60000.00;680.00;400.00;.00;.00;.00
69.0;.0;.0;1;.00;V;9000.00;P;.00;.00;.00;.00;.00;.00;1.00
67.0;.0;.0;1;.00;T;7200.00;F;.00;.00;380.00;.00;.00;.00;.00
51.0;.0;.0;1;5250.00;P;14628.00;F;.00;.00;280.00;.00;.00;.00;.00
54.0;2.0;.0;1;3300.00;V;42000.00;O;8928.00;50464.00;848.00;.00;.00;80.00;.00
66.0;.0;.0;1;.00;V;19500.00;N;.00;.00;.00;.00;.00;.00;.00
45.0;.0;.0;0;.00;P;22800.00;U;.00;.00;600.00;.00;.00;.00;.00
36.0;.0;.0;1;.00;V;15600.00;U;.00;.00;352.00;.00;.00;.00;.00
8.0;.0;.0;1;10313.00;R;36855.00;O;48928.00;4.00;.00;.00;.00;.00;.00
50.0;2.0;.0;1;.00;P;52500.00;O;3392.00;30464.00;716.00;808.00;260.00;.00;.00
63.0;.0;.0;1;10000.00;P;17160.00;O;46464.00;46464.00;820.00;120.00;.00;.00;.00
48.0;1.0;2.0;1;8512.00;P;26802.00;U;.00;.00;440.00;.00;.00;.00;1.00
57.0;.0;.0;1;.00;P;21000.00;U;.00;.00;60.00;400.00;.00;100.00;.00
49.0;2.0;.0;1;.00;V;46917.00;O;63392.00;34464.00;816.00;.00;.00;.00;.00
46.0;2.0;.0;1;20000.00;P;42000.00;O;28928.00;12000.00;240.00;.00;.00;.00;.00
60.0;1.0;.0;1;.00;P;42000.00;O;52320.00;54464.00;1020.00;.00;.00;300.00;.00
44.0;1.0;.0;1;16000.00;V;9696.00;O;28928.00;56000.00;.00;.00;.00;.00;.00
56.0;.0;.0;1;.00;P;18600.00;N;.00;.00;.00;.00;.00;120.00;.00
44.0;2.0;.0;1;1600.00;E;30000.00;N;.00;.00;200.00;360.00;160.00;.00;.00
54.0;3.0;.0;1;.00;E;21000.00;U;.00;.00;384.00;1040.00;.00;.00;.00
32.0;.0;.0;1;.00;E;.00;O;.00;.00;.00;.00;.00;.00;.00
64.0;.0;.0;1;.00;V;36000.00;P;.00;.00;.00;.00;.00;.00;.00
54.0;1.0;.0;1;.00;P;36000.00;O;62464.00;62464.00;680.00;100.00;.00;.00;.00
62.0;.0;.0;0;.00;P;25500.00;U;.00;.00;340.00;132.00;.00;.00;.00
37.0;.0;.0;1;16600.00;V;16497.00;O;54464.00;4.00;.00;.00;.00;.00;.00
37.0;2.0;1.0;1;.00;M;12464.00;F;.00;.00;480.00;.00;.00;1000.00;.00
65.0;.0;.0;1;.00;V;21000.00;P;.00;.00;.00;.00;.00;.00;.00
9.0;.0;.0;1;.00;R;.00;O;60000.00;.00;.00;.00;.00;.00;.00
24.0;.0;.0;1;550.00;R;46500.00;O;23392.00;4.00;.00;.00;.00;.00;.00
43.0;2.0;.0;1;30000.00;E;37856.00;O;10176.00;54464.00;.00;.00;.00;.00;.00
46.0;2.0;.0;1;.00;P;6464.00;O;3392.00;46000.00;400.00;.00;.00;.00;.00
64.0;.0;.0;0;.00;P;36000.00;F;.00;.00;800.00;400.00;.00;.00;.00
34.0;.0;.0;1;5500.00;P;16500.00;O;8928.00;.00;.00;.00;.00;.00;.00
54.0;2.0;.0;1;3000.00;P;60000.00;O;40464.00;.00;1036.00;.00;160.00;400.00;.00
38.0;1.0;1.0;1;.00;P;25587.00;U;.00;.00;312.00;.00;.00;.00;1.00
47.0;.0;.0;1;3000.00;P;16500.00;U;.00;.00;.00;192.00;40.00;.00;1.00
69.0;.0;.0;1;.00;M;15000.00;F;.00;.00;.00;.00;.00;.00;1.00
25.0;.0;.0;1;.00;P;31500.00;O;58464.00;.00;.00;.00;.00;.00;1.00
62.0;.0;.0;1;.00;V;24327.00;O;22464.00;8896.00;592.00;.00;.00;.00;.00
65.0;.0;.0;1;.00;T;5325.00;F;.00;.00;600.00;.00;.00;.00;.00
30.0;.0;.0;1;40000.00;R;.00;O;.00;.00;.00;.00;.00;.00;.00
48.0;.0;.0;1;.00;P;20220.00;O;26464.00;34000.00;.00;668.00;.00;.00;1.00
46.0;.0;.0;1;.00;P;30000.00;O;48000.00;12000.00;160.00;320.00;.00;.00;.00
66.0;.0;.0;1;.00;P;16200.00;P;.00;.00;.00;228.00;.00;.00;.00
68.0;.0;.0;1;.00;T;6900.00;P;.00;.00;.00;.00;.00;.00;.00
61.0;.0;.0;1;13000.00;P;.00;O;28928.00;4.00;.00;.00;.00;.00;1.00
32.0;.0;.0;1;.00;P;35847.00;U;.00;.00;300.00;.00;444.00;.00;.00
64.0;.0;.0;0;.00;P;19500.00;U;.00;.00;240.00;208.00;80.00;.00;.00
61.0;.0;.0;1;.00;P;26265.00;P;.00;.00;.00;.00;480.00;40.00;.00
38.0;.0;.0;0;.00;P;.00;N;6784.00;.00;.00;.00;.00;.00;.00
32.0;1.0;.0;1;3000.00;P;18464.00;O;27392.00;52000.00;376.00;580.00;.00;160.00;.00
67.0;.0;.0;1;.00;T;.00;P;.00;.00;.00;.00;.00;.00;.00
58.0;.0;.0;1;.00;P;34956.00;O;22464.00;64000.00;428.00;320.00;.00;240.00;.00
60.0;.0;.0;1;.00;B;34500.00;F;.00;.00;560.00;.00;.00;.00;.00
35.0;.0;.0;1;.00;B;31200.00;U;.00;.00;88.00;260.00;.00;.00;.00
38.0;.0;.0;1;.00;P;36000.00;O;63392.00;30464.00;680.00;948.00;.00;.00;.00
64.0;.0;.0;1;.00;P;19200.00;P;.00;.00;.00;320.00;.00;.00;.00
30.0;1.0;.0;0;.00;P;34500.00;U;.00;.00;.00;472.00;.00;.00;1.00
37.0;.0;2.0;1;.00;P;37440.00;U;.00;.00;.00;.00;532.00;.00;.00
32.0;1.0;.0;1;.00;R;.00;F;.00;.00;.00;.00;.00;.00;1.00
57.0;.0;.0;1;.00;V;40500.00;O;34464.00;8464.00;600.00;200.00;.00;200.00;.00
21.0;1.0;.0;0;.00;R;.00;U;.00;.00;.00;.00;.00;.00;1.00
59.0;1.0;.0;1;.00;B;17700.00;U;.00;.00;320.00;.00;.00;32.00;.00
21.0;.0;.0;1;.00;R;.00;O;62464.00;4.00;.00;.00;.00;.00;.00
62.0;.0;.0;1;.00;P;24600.00;O;46464.00;14464.00;624.00;.00;224.00;.00;.00
59.0;.0;.0;1;.00;V;24300.00;O;6464.00;49000.00;.00;.00;.00;.00;1.00
47.0;2.0;.0;1;.00;B;21000.00;O;36928.00;52000.00;376.00;.00;.00;.00;1.00
63.0;.0;.0;1;5500.00;V;30000.00;U;.00;.00;.00;300.00;80.00;80.00;.00
48.0;.0;.0;0;2000.00;P;24000.00;O;24928.00;59796.00;504.00;.00;.00;.00;.00
33.0;.0;.0;1;.00;R;30000.00;O;8928.00;4.00;.00;.00;.00;.00;.00
48.0;1.0;.0;1;.00;P;6464.00;O;56928.00;8928.00;1480.00;1000.00;728.00;100.00;.00
48.0;2.0;.0;1;9500.00;P;9464.00;O;63392.00;54464.00;1400.00;.00;.00;.00;.00
46.0;.0;.0;1;10800.00;P;20250.00;U;.00;.00;.00;.00;.00;.00;1.00
42.0;.0;.0;1;.00;V;34947.00;O;62464.00;.00;600.00;100.00;48.00;.00;1.00
55.0;1.0;.0;0;.00;P;12464.00;N;.00;.00;.00;.00;.00;.00;.00
50.0;.0;.0;1;4000.00;E;15000.00;O;48928.00;64000.00;1000.00;.00;.00;.00;1.00
37.0;3.0;.0;1;.00;V;64500.00;O;64464.00;28464.00;888.00;.00;52.00;.00;.00
68.0;.0;.0;1;.00;P;9000.00;P;.00;.00;.00;.00;.00;.00;.00
26.0;.0;.0;1;.00;E;15928.00;O;37856.00;4.00;.00;.00;.00;.00;.00
38.0;3.0;.0;1;.00;P;36000.00;O;54464.00;26000.00;320.00;.00;.00;.00;.00
45.0;.0;.0;1;4000.00;E;30000.00;U;.00;.00;476.00;400.00;.00;.00;.00
58.0;.0;.0;1;.00;P;22500.00;P;.00;.00;800.00;.00;.00;.00;.00
62.0;.0;.0;1;4056.00;P;27000.00;O;26464.00;1396.00;492.00;.00;.00;.00;.00
55.0;2.0;.0;1;.00;P;39000.00;O;40928.00;24928.00;1152.00;.00;.00;.00;.00
36.0;2.0;.0;1;.00;V;.00;O;30464.00;7200.00;224.00;.00;.00;.00;1.00
65.0;1.0;.0;0;6858.00;W;.00;F;.00;.00;352.00;.00;.00;80.00;1.00
44.0;3.0;.0;1;.00;P;60000.00;O;17856.00;60000.00;400.00;.00;.00;400.00;.00
53.0;.0;.0;1;10200.00;P;33000.00;O;17856.00;30464.00;800.00;.00;.00;.00;.00
51.0;1.0;.0;1;20000.00;P;12600.00;O;28928.00;34464.00;720.00;.00;.00;.00;.00
58.0;.0;.0;1;.00;V;25653.00;P;.00;.00;.00;220.00;.00;.00;.00
63.0;.0;.0;1;.00;V;20400.00;P;.00;.00;200.00;.00;.00;300.00;.00
69.0;.0;.0;1;.00;P;12162.00;P;.00;.00;200.00;.00;.00;.00;.00
44.0;2.0;.0;1;15000.00;P;9000.00;O;53392.00;30464.00;680.00;.00;.00;.00;1.00
50.0;2.0;.0;1;2671.00;V;31260.00;O;48928.00;2464.00;496.00;.00;.00;.00;.00
48.0;1.0;.0;1;.00;V;38511.00;O;48464.00;2464.00;500.00;.00;.00;100.00;.00
62.0;1.0;.0;1;1440.00;P;21000.00;U;.00;.00;444.00;76.00;116.00;.00;.00
51.0;2.0;.0;1;.00;P;15180.00;P;.00;.00;.00;.00;.00;.00;.00
59.0;.0;.0;1;.00;V;22200.00;F;.00;.00;.00;.00;.00;.00;.00
68.0;.0;.0;1;.00;T;.00;N;.00;.00;132.00;.00;.00;.00;.00
65.0;.0;.0;1;.00;P;15000.00;P;.00;.00;.00;.00;.00;.00;.00
62.0;.0;.0;1;10000.00;P;15000.00;O;34464.00;2464.00;548.00;.00;.00;.00;.00
49.0;1.0;.0;0;.00;P;10500.00;O;10464.00;36000.00;348.00;.00;.00;.00;.00
16.0;.0;.0;1;.00;R;.00;O;.00;.00;.00;.00;.00;.00;.00
32.0;.0;.0;1;6000.00;P;30000.00;O;27392.00;10000.00;100.00;720.00;.00;200.00;.00
52.0;.0;.0;1;.00;P;14040.00;P;.00;.00;.00;120.00;.00;40.00;1.00
63.0;.0;.0;1;.00;V;20250.00;O;6464.00;60000.00;436.00;.00;.00;.00;1.00
25.0;.0;.0;1;.00;R;.00;O;54464.00;4.00;.00;.00;.00;.00;.00
62.0;.0;.0;1;.00;P;26520.00;P;.00;.00;.00;.00;72.00;.00;.00
65.0;.0;.0;0;.00;V;9276.00;N;.00;.00;96.00;.00;.00;.00;.00
16.0;.0;.0;1;.00;R;.00;O;2928.00;4.00;.00;.00;.00;.00;1.00
66.0;.0;.0;0;.00;P;26571.00;N;.00;.00;.00;.00;.00;.00;1.00
48.0;2.0;.0;1;.00;P;9464.00;O;17856.00;2464.00;.00;.00;.00;.00;.00
33.0;2.0;.0;1;1500.00;B;464.00;O;3392.00;56000.00;448.00;400.00;.00;.00;.00
49.0;.0;.0;0;.00;P;16500.00;P;.00;.00;.00;.00;.00;.00;1.00
63.0;.0;.0;1;.00;P;24000.00;O;10464.00;.00;740.00;.00;.00;.00;.00
62.0;.0;.0;0;4700.00;P;15000.00;O;48000.00;.00;320.00;328.00;.00;.00;.00
57.0;1.0;.0;1;.00;W;.00;O;.00;.00;.00;.00;.00;.00;.00
60.0;.0;.0;1;.00;P;13284.00;N;.00;.00;.00;188.00;.00;.00;.00
19.0;.0;.0;1;.00;R;6846.00;N;.00;.00;.00;.00;.00;.00;1.00
33.0;.0;.0;1;9000.00;P;13434.00;O;42464.00;56000.00;240.00;.00;.00;80.00;.00
44.0;1.0;.0;1;.00;P;15000.00;O;43392.00;4.00;.00;.00;.00;.00;.00
59.0;1.0;1.0;0;.00;P;35460.00;O;12928.00;62464.00;900.00;.00;.00;44.00;1.00
57.0;.0;.0;1;.00;M;33000.00;P;.00;.00;520.00;.00;.00;.00;.00
68.0;.0;.0;1;.00;T;.00;P;.00;.00;.00;.00;.00;.00;.00
65.0;.0;.0;1;.00;P;21000.00;P;.00;.00;.00;800.00;.00;.00;.00
51.0;2.0;.0;1;.00;P;21000.00;O;50464.00;.00;.00;.00;.00;40.00;.00
50.0;2.0;.0;1;7518.00;P;27000.00;O;54464.00;54800.00;384.00;.00;160.00;.00;.00
47.0;2.0;.0;1;.00;P;33000.00;O;18464.00;32000.00;276.00;.00;316.00;292.00;.00
34.0;1.0;.0;0;.00;V;24900.00;O;63392.00;4.00;.00;280.00;.00;.00;.00
65.0;.0;.0;1;.00;T;.00;F;.00;.00;.00;.00;.00;.00;.00
30.0;.0;.0;1;.00;E;9464.00;O;.00;.00;.00;.00;.00;.00;1.00
45.0;1.0;.0;1;8000.00;E;24000.00;O;32320.00;.00;.00;.00;.00;.00;1.00
65.0;.0;.0;1;.00;P;20100.00;P;.00;.00;.00;256.00;.00;.00;.00
55.0;2.0;.0;1;17000.00;W;.00;O;10176.00;54464.00;.00;.00;.00;.00;.00
54.0;.0;.0;1;6700.00;P;46500.00;O;58464.00;2464.00;480.00;.00;.00;.00;.00
48.0;2.0;1.0;1;.00;W;.00;O;35392.00;4928.00;.00;.00;.00;.00;1.00
43.0;1.0;.0;1;.00;W;.00;O;10176.00;.00;.00;.00;.00;.00;.00
60.0;.0;.0;1;.00;V;15390.00;P;.00;.00;.00;.00;.00;.00;.00
56.0;.0;.0;1;.00;P;10500.00;F;34464.00;.00;.00;.00;.00;.00;.00
24.0;.0;.0;1;.00;E;30000.00;O;44928.00;.00;.00;.00;.00;.00;1.00
56.0;.0;.0;1;.00;P;21000.00;U;.00;.00;160.00;228.00;.00;.00;.00
67.0;.0;.0;1;.00;T;.00;P;.00;.00;.00;.00;.00;.00;.00
61.0;.0;.0;1;.00;T;.00;P;.00;.00;.00;.00;.00;.00;.00
55.0;.0;.0;1;17446.00;W;.00;F;.00;.00;.00;.00;.00;.00;.00
63.0;.0;.0;0;.00;U;.00;F;.00;.00;.00;.00;.00;.00;1.00
51.0;2.0;.0;1;2000.00;V;39000.00;O;62464.00;18464.00;660.00;416.00;.00;.00;.00
56.0;1.0;.0;1;.00;P;33000.00;U;.00;.00;120.00;280.00;.00;.00;.00
68.0;.0;.0;1;.00;V;17739.00;P;.00;.00;.00;.00;.00;.00;.00
32.0;.0;1.0;1;2152.00;B;36969.00;F;.00;.00;464.00;184.00;.00;.00;.00
50.0;.0;.0;1;7000.00;V;36000.00;O;3392.00;40000.00;400.00;.00;.00;.00;.00
63.0;.0;.0;1;6000.00;M;24600.00;O;34464.00;.00;608.00;460.00;.00;.00;.00
53.0;1.0;.0;1;.00;P;21135.00;U;.00;.00;200.00;.00;.00;.00;.00
47.0;.0;.0;1;19500.00;P;13500.00;O;27392.00;16928.00;.00;.00;.00;280.00;.00
54.0;2.0;.0;1;6984.00;P;22500.00;O;46464.00;2464.00;492.00;180.00;80.00;160.00;.00
65.0;.0;.0;0;.00;V;17100.00;N;.00;.00;240.00;.00;.00;.00;.00
46.0;1.0;.0;1;.00;V;9768.00;P;.00;.00;.00;.00;.00;120.00;.00
61.0;.0;.0;1;6420.00;P;19200.00;N;.00;.00;.00;392.00;.00;.00;1.00
52.0;2.0;.0;1;.00;V;12048.00;O;18928.00;7696.00;92.00;248.00;.00;.00;.00
23.0;.0;.0;1;.00;P;22500.00;O;34464.00;4.00;.00;.00;.00;.00;.00
67.0;.0;.0;1;.00;T;.00;N;.00;.00;.00;.00;.00;.00;.00
61.0;.0;.0;1;2400.00;P;21900.00;O;8464.00;8464.00;532.00;.00;.00;.00;.00
26.0;.0;.0;1;.00;R;6885.00;O;34464.00;4.00;.00;.00;.00;.00;.00
62.0;1.0;.0;1;9000.00;P;42000.00;O;54464.00;.00;800.00;.00;.00;.00;.00
56.0;1.0;.0;1;14226.00;V;28797.00;O;4928.00;46464.00;776.00;.00;.00;.00;.00
61.0;.0;.0;1;13000.00;V;42000.00;O;54464.00;34464.00;720.00;.00;80.00;.00;.00
51.0;.0;.0;1;2230.00;E;24464.00;P;28928.00;.00;.00;.00;928.00;.00;.00
59.0;.0;.0;1;2000.00;E;24000.00;U;.00;.00;160.00;.00;.00;.00;.00
66.0;.0;.0;1;.00;P;28800.00;P;.00;.00;.00;.00;.00;240.00;.00
50.0;2.0;.0;1;3000.00;P;19500.00;O;8928.00;.00;784.00;.00;120.00;24.00;.00
67.0;.0;.0;1;.00;M;14400.00;N;.00;.00;.00;.00;.00;.00;1.00
65.0;.0;.0;1;.00;P;21000.00;P;.00;.00;320.00;.00;.00;40.00;.00
17.0;.0;.0;1;.00;R;18000.00;O;17856.00;4.00;.00;.00;.00;.00;1.00
50.0;2.0;.0;1;.00;P;21000.00;U;.00;.00;484.00;.00;128.00;.00;.00
57.0;.0;.0;1;.00;V;36600.00;O;928.00;54464.00;1200.00;.00;.00;.00;.00
54.0;.0;.0;1;.00;V;33000.00;F;.00;.00;200.00;.00;.00;.00;1.00
42.0;.0;.0;1;10000.00;P;34800.00;O;46464.00;20000.00;540.00;.00;.00;200.00;.00
43.0;.0;.0;1;.00;P;15858.00;N;.00;.00;.00;.00;.00;96.00;.00
29.0;.0;.0;1;13000.00;V;12000.00;O;23392.00;16000.00;.00;.00;.00;.00;.00
11.0;.0;.0;1;.00;R;15000.00;O;28464.00;4.00;.00;.00;.00;.00;1.00
61.0;1.0;.0;1;.00;E;.00;P;.00;.00;.00;.00;.00;.00;1.00
67.0;.0;.0;1;.00;P;7290.00;P;.00;.00;.00;.00;.00;.00;.00
21.0;.0;.0;1;.00;R;.00;O;8928.00;4.00;.00;140.00;.00;.00;1.00
67.0;.0;.0;1;.00;P;19911.00;P;.00;.00;.00;276.00;.00;.00;.00
38.0;1.0;.0;1;5000.00;P;18000.00;U;.00;.00;400.00;440.00;.00;.00;1.00
35.0;.0;.0;1;.00;P;28152.00;O;62464.00;36000.00;360.00;224.00;240.00;20.00;.00
64.0;.0;.0;1;.00;P;24192.00;O;34464.00;.00;684.00;.00;204.00;.00;1.00
62.0;.0;.0;1;.00;P;31812.00;P;.00;.00;200.00;.00;.00;240.00;.00
63.0;.0;.0;1;.00;P;27000.00;F;.00;.00;.00;.00;.00;.00;.00
37.0;1.0;.0;1;2600.00;P;13500.00;O;37856.00;4.00;.00;.00;.00;.00;.00
32.0;.0;.0;1;.00;Z;.00;U;.00;.00;.00;.00;400.00;.00;.00
64.0;.0;.0;1;.00;T;.00;P;.00;.00;.00;.00;.00;.00;.00
36.0;.0;.0;1;.00;W;.00;O;17856.00;4.00;.00;.00;.00;.00;1.00
16.0;.0;.0;0;.00;R;.00;N;.00;.00;.00;.00;.00;.00;1.00
40.0;2.0;.0;1;.00;E;30000.00;O;.00;.00;.00;.00;.00;.00;.00
28.0;.0;.0;1;.00;E;33000.00;O;28928.00;38464.00;1268.00;600.00;.00;.00;1.00
29.0;.0;.0;1;.00;V;56400.00;O;28928.00;4000.00;92.00;.00;.00;.00;.00
63.0;.0;.0;1;.00;P;23700.00;P;.00;.00;.00;320.00;.00;200.00;.00
43.0;3.0;.0;1;6500.00;P;28500.00;U;.00;.00;720.00;380.00;.00;.00;.00
24.0;2.0;.0;1;.00;V;3884.00;O;37856.00;4.00;.00;.00;.00;.00;.00
48.0;1.0;1.0;1;2000.00;V;45900.00;O;36928.00;22464.00;800.00;.00;.00;.00;.00
10.0;.0;.0;1;.00;R;20250.00;O;17856.00;4.00;.00;.00;.00;.00;1.00
28.0;.0;.0;1;.00;P;27000.00;O;23392.00;.00;.00;.00;.00;320.00;.00
46.0;3.0;.0;1;.00;P;30464.00;O;36928.00;34464.00;852.00;560.00;52.00;.00;.00
22.0;.0;.0;1;5000.00;R;9000.00;O;8928.00;.00;.00;.00;.00;.00;1.00
50.0;.0;.0;1;.00;E;15600.00;O;20928.00;32000.00;320.00;.00;.00;.00;1.00
53.0;.0;.0;1;.00;P;60000.00;O;12928.00;26464.00;880.00;.00;.00;200.00;.00
63.0;.0;.0;1;.00;P;24000.00;P;.00;.00;.00;.00;.00;.00;.00
15.0;.0;.0;1;.00;R;15000.00;O;48928.00;4.00;.00;.00;.00;.00;.00
63.0;.0;.0;1;.00;P;30000.00;P;.00;.00;.00;580.00;.00;.00;.00
46.0;1.0;.0;1;3000.00;E;30000.00;O;3392.00;62464.00;1200.00;.00;.00;100.00;1.00
43.0;.0;.0;1;.00;V;9360.00;F;.00;.00;408.00;.00;.00;.00;.00
68.0;.0;.0;1;.00;P;.00;P;.00;.00;.00;.00;.00;60.00;.00
46.0;2.0;.0;1;.00;P;60000.00;O;63392.00;54464.00;824.00;.00;.00;200.00;1.00
50.0;1.0;.0;1;.00;V;54000.00;O;37856.00;54464.00;1088.00;.00;.00;.00;1.00
44.0;3.0;.0;1;.00;V;49167.00;O;12928.00;56000.00;308.00;476.00;.00;56.00;.00
34.0;1.0;.0;1;2000.00;V;36000.00;U;.00;.00;96.00;200.00;.00;.00;.00
44.0;.0;.0;1;17800.00;P;30000.00;O;37856.00;34464.00;688.00;.00;.00;.00;.00
60.0;.0;.0;1;.00;V;37800.00;F;.00;.00;520.00;400.00;.00;40.00;.00
59.0;.0;.0;1;.00;P;45000.00;O;8928.00;54464.00;1176.00;.00;364.00;.00;1.00
61.0;.0;.0;1;.00;P;18900.00;N;.00;.00;.00;200.00;.00;.00;.00
68.0;.0;.0;1;.00;P;13500.00;P;.00;.00;.00;.00;.00;92.00;.00
25.0;.0;.0;1;.00;P;57258.00;O;43392.00;4.00;.00;.00;1464.00;.00;.00
68.0;.0;.0;1;.00;P;8112.00;P;.00;.00;.00;.00;.00;.00;1.00
56.0;.0;.0;1;.00;P;15600.00;F;.00;.00;480.00;.00;.00;.00;.00
24.0;.0;.0;1;.00;Z;13500.00;O;8928.00;4.00;.00;.00;.00;.00;1.00
41.0;.0;.0;1;2500.00;P;16113.00;U;.00;.00;640.00;552.00;.00;.00;.00
65.0;.0;.0;1;.00;P;25500.00;F;.00;.00;480.00;.00;.00;.00;.00
42.0;.0;.0;0;.00;P;12000.00;P;.00;.00;.00;.00;.00;.00;1.00
61.0;.0;.0;1;.00;P;27540.00;O;50464.00;.00;984.00;.00;160.00;.00;.00
39.0;2.0;.0;1;15000.00;W;.00;O;43392.00;4.00;.00;.00;.00;80.00;1.00
26.0;.0;.0;1;.00;R;10500.00;U;.00;.00;368.00;.00;.00;.00;1.00
64.0;.0;.0;1;.00;V;30870.00;P;.00;.00;.00;.00;.00;.00;.00
31.0;.0;.0;1;.00;V;40500.00;O;14464.00;.00;.00;.00;.00;.00;.00
60.0;2.0;.0;1;10000.00;V;18264.00;O;14464.00;.00;348.00;.00;340.00;.00;1.00
66.0;.0;.0;1;.00;P;13500.00;P;.00;.00;320.00;.00;.00;.00;.00
9.0;.0;.0;1;.00;R;.00;O;.00;.00;.00;.00;.00;.00;.00
67.0;.0;.0;1;.00;T;.00;P;.00;.00;.00;.00;.00;.00;.00
28.0;.0;.0;1;.00;P;14400.00;O;62464.00;.00;.00;.00;.00;.00;.00
11.0;.0;.0;1;2910.00;R;20700.00;O;46464.00;4.00;.00;.00;448.00;.00;.00
47.0;1.0;.0;1;.00;P;27000.00;U;.00;.00;576.00;388.00;.00;.00;.00
63.0;.0;.0;1;.00;V;23460.00;F;.00;.00;800.00;200.00;.00;.00;.00
65.0;.0;.0;1;.00;V;16500.00;P;.00;.00;.00;.00;.00;.00;.00
55.0;2.0;.0;1;4320.00;P;21600.00;O;46464.00;46464.00;744.00;440.00;.00;.00;1.00
41.0;.0;.0;1;.00;V;37620.00;O;928.00;33988.00;.00;420.00;.00;160.00;.00
62.0;.0;.0;0;.00;V;18033.00;O;54000.00;38000.00;296.00;.00;56.00;80.00;.00
62.0;.0;.0;0;.00;V;24327.00;P;.00;.00;280.00;148.00;.00;40.00;.00
35.0;.0;.0;1;2000.00;P;27000.00;U;.00;.00;400.00;.00;120.00;.00;.00
62.0;.0;.0;1;.00;V;32769.00;O;25464.00;22064.00;640.00;.00;.00;.00;.00
67.0;.0;.0;1;.00;P;12300.00;P;.00;.00;.00;.00;.00;.00;.00
60.0;.0;.0;1;8500.00;V;40800.00;O;2928.00;53264.00;960.00;.00;.00;.00;.00
58.0;1.0;.0;0;14000.00;N;9000.00;O;8928.00;.00;.00;.00;.00;.00;1.00
27.0;.0;.0;1;768.00;R;.00;F;.00;.00;184.00;.00;.00;.00;1.00
42.0;1.0;.0;1;.00;E;25500.00;O;54464.00;57600.00;424.00;.00;.00;.00;1.00
30.0;.0;.0;1;2800.00;E;14400.00;O;64000.00;32800.00;268.00;.00;.00;.00;1.00
58.0;.0;.0;1;.00;P;27000.00;P;.00;.00;.00;232.00;.00;.00;.00
38.0;3.0;.0;1;15000.00;P;5760.00;O;63392.00;34464.00;744.00;.00;.00;.00;.00
63.0;.0;.0;1;.00;V;19500.00;F;.00;.00;.00;.00;.00;.00;.00
60.0;1.0;.0;1;.00;P;24000.00;O;42464.00;24464.00;800.00;.00;440.00;.00;.00
33.0;.0;.0;1;14000.00;V;51000.00;O;14464.00;.00;.00;.00;.00;.00;.00
32.0;.0;.0;1;.00;R;16200.00;P;.00;.00;.00;.00;.00;.00;.00
67.0;.0;.0;1;.00;P;19347.00;P;.00;.00;.00;.00;.00;.00;.00
68.0;.0;.0;1;.00;T;5400.00;P;.00;.00;.00;.00;.00;.00;1.00
61.0;.0;.0;1;8200.00;P;36000.00;O;38464.00;26464.00;704.00;.00;548.00;.00;.00
54.0;1.0;.0;1;.00;P;53208.00;O;1392.00;14464.00;800.00;420.00;.00;200.00;.00
40.0;3.0;.0;1;.00;V;9014.00;O;9856.00;14464.00;.00;.00;.00;.00;.00
47.0;2.0;.0;1;.00;P;19500.00;U;.00;.00;.00;.00;.00;.00;.00
45.0;1.0;.0;1;.00;V;45600.00;O;3392.00;24928.00;1388.00;500.00;.00;.00;.00
18.0;.0;.0;1;.00;E;27000.00;O;21248.00;28000.00;240.00;.00;.00;.00;.00
62.0;.0;.0;0;.00;P;22500.00;F;.00;.00;120.00;.00;.00;.00;1.00
66.0;.0;.0;0;.00;T;.00;N;.00;.00;320.00;.00;.00;.00;1.00
50.0;2.0;.0;1;2200.00;V;45000.00;O;8928.00;7264.00;492.00;316.00;.00;40.00;.00
27.0;.0;.0;1;.00;R;.00;O;23392.00;4.00;.00;200.00;.00;.00;1.00
64.0;.0;.0;1;.00;P;22500.00;N;.00;.00;320.00;400.00;.00;.00;.00
60.0;.0;.0;0;.00;V;20100.00;P;.00;.00;480.00;216.00;.00;.00;.00
59.0;.0;.0;1;.00;V;30699.00;P;.00;.00;.00;.00;.00;.00;.00
48.0;2.0;1.0;1;.00;P;14864.00;O;23392.00;26464.00;528.00;.00;.00;.00;.00
30.0;.0;.0;1;.00;V;12000.00;U;.00;.00;.00;.00;.00;.00;.00
46.0;2.0;.0;1;.00;B;36464.00;O;63392.00;34464.00;960.00;.00;.00;1200.00;.00
60.0;.0;.0;0;.00;U;14400.00;P;.00;.00;160.00;.00;.00;.00;.00
62.0;.0;.0;1;.00;P;15000.00;P;.00;.00;.00;.00;.00;.00;.00
68.0;.0;.0;1;.00;T;.00;P;.00;.00;.00;.00;.00;.00;.00
29.0;.0;.0;1;2488.00;P;31500.00;O;28928.00;16000.00;320.00;500.00;.00;80.00;.00
42.0;.0;.0;1;.00;E;30000.00;O;43392.00;22464.00;800.00;372.00;.00;.00;.00
49.0;4.0;.0;1;.00;W;15660.00;O;18464.00;40000.00;340.00;.00;.00;.00;.00
46.0;2.0;.0;1;2800.00;P;61500.00;O;48928.00;40000.00;320.00;.00;.00;400.00;.00
54.0;.0;.0;1;.00;E;60000.00;U;.00;.00;408.00;.00;.00;.00;.00
65.0;.0;.0;0;.00;V;18000.00;U;.00;.00;288.00;.00;.00;.00;.00
38.0;.0;.0;1;.00;P;27000.00;U;.00;.00;.00;.00;.00;.00;1.00
64.0;.0;.0;1;.00;V;36000.00;P;.00;.00;.00;.00;.00;.00;.00
60.0;.0;.0;1;.00;B;25500.00;F;.00;.00;520.00;.00;.00;.00;1.00
58.0;.0;.0;1;5600.00;P;36600.00;O;62464.00;33264.00;760.00;120.00;.00;.00;.00
67.0;.0;.0;1;.00;V;12537.00;P;.00;.00;400.00;.00;.00;.00;.00
35.0;1.0;.0;1;7367.00;P;18087.00;U;.00;.00;.00;.00;.00;.00;.00
65.0;.0;.0;1;.00;V;26400.00;F;.00;.00;320.00;.00;.00;.00;.00
49.0;4.0;.0;1;1500.00;P;30000.00;O;43392.00;14464.00;.00;.00;.00;.00;.00
63.0;.0;.0;1;.00;P;21000.00;P;.00;.00;640.00;.00;.00;.00;.00
11.0;.0;.0;1;.00;R;.00;O;12928.00;4.00;.00;.00;.00;.00;1.00
42.0;.0;.0;1;.00;V;19092.00;O;.00;.00;.00;216.00;.00;.00;.00
29.0;.0;.0;1;11649.00;P;45000.00;O;28928.00;26000.00;820.00;300.00;.00;.00;.00
69.0;.0;.0;1;.00;T;.00;P;.00;.00;.00;.00;.00;.00;1.00
54.0;3.0;.0;1;.00;E;37856.00;O;28032.00;4.00;.00;.00;.00;.00;.00
18.0;.0;.0;1;2461.00;R;16131.00;O;46464.00;4.00;.00;.00;.00;.00;.00
57.0;1.0;1.0;1;.00;P;27000.00;U;.00;.00;520.00;.00;.00;.00;.00
49.0;.0;.0;1;.00;V;46500.00;O;54464.00;10464.00;640.00;.00;.00;.00;.00
18.0;2.0;.0;1;.00;R;.00;O;17856.00;.00;.00;.00;.00;.00;.00
46.0;.0;.0;1;.00;E;43200.00;O;54464.00;24000.00;340.00;.00;.00;.00;.00
62.0;1.0;.0;1;.00;E;9360.00;O;.00;.00;.00;.00;.00;.00;1.00
64.0;.0;.0;1;.00;P;.00;P;.00;.00;.00;.00;.00;.00;.00
27.0;.0;.0;1;.00;P;20700.00;O;46464.00;11000.00;192.00;236.00;.00;.00;.00
41.0;2.0;.0;1;3000.00;P;31500.00;O;8928.00;34000.00;240.00;.00;.00;.00;.00
55.0;.0;.0;1;.00;V;43632.00;O;2928.00;34464.00;684.00;.00;328.00;300.00;.00
40.0;.0;.0;1;30000.00;W;.00;O;32320.00;54464.00;.00;.00;.00;.00;.00
37.0;.0;.0;1;.00;P;54464.00;O;6784.00;4.00;.00;.00;.00;.00;.00
30.0;.0;.0;1;.00;P;30000.00;O;34464.00;4.00;.00;.00;52.00;.00;1.00
66.0;.0;.0;1;.00;T;.00;P;.00;.00;.00;.00;.00;.00;1.00
64.0;.0;.0;1;.00;B;19290.00;P;.00;.00;.00;.00;32.00;.00;.00
58.0;2.0;.0;1;.00;W;.00;U;.00;.00;.00;.00;.00;.00;1.00
30.0;1.0;.0;1;300.00;P;27000.00;O;13568.00;20000.00;200.00;.00;.00;240.00;1.00
67.0;.0;.0;1;.00;P;6024.00;P;16000.00;6000.00;.00;.00;.00;.00;1.00
40.0;1.0;.0;1;5227.00;P;11733.00;U;.00;.00;280.00;184.00;76.00;.00;.00
22.0;.0;.0;1;2200.00;E;58500.00;O;56928.00;36.00;.00;.00;.00;.00;1.00
63.0;.0;.0;1;.00;P;14820.00;P;.00;.00;320.00;140.00;.00;.00;1.00
69.0;.0;.0;1;.00;P;15000.00;P;.00;.00;.00;.00;.00;40.00;.00
29.0;.0;.0;1;.00;V;15000.00;O;61248.00;54464.00;.00;.00;.00;.00;.00
35.0;.0;.0;1;.00;E;18000.00;P;.00;.00;.00;.00;.00;.00;.00
56.0;2.0;1.0;1;.00;E;36000.00;O;28464.00;2464.00;588.00;108.00;.00;.00;1.00
46.0;1.0;.0;1;5000.00;W;5850.00;U;.00;.00;.00;.00;.00;.00;.00
64.0;.0;.0;1;.00;E;.00;P;.00;.00;.00;.00;400.00;.00;1.00
41.0;1.0;.0;1;4000.00;P;33000.00;U;.00;.00;552.00;280.00;.00;160.00;1.00
55.0;.0;.0;1;.00;P;46562.00;F;.00;.00;.00;.00;.00;.00;.00
51.0;.0;.0;1;.00;P;55131.00;O;32320.00;48928.00;1600.00;.00;.00;.00;.00
68.0;.0;.0;1;.00;P;7200.00;P;.00;.00;80.00;.00;.00;.00;1.00
53.0;.0;.0;1;14700.00;V;44100.00;O;8928.00;34464.00;704.00;624.00;.00;.00;.00
69.0;.0;.0;1;.00;P;7488.00;P;.00;.00;.00;.00;.00;.00;.00
63.0;.0;.0;1;.00;V;18000.00;P;.00;.00;.00;.00;.00;.00;.00
52.0;.0;.0;1;15000.00;P;30000.00;O;23392.00;26464.00;664.00;.00;.00;80.00;.00
52.0;.0;.0;1;7000.00;P;39000.00;O;57856.00;4928.00;1000.00;560.00;360.00;180.00;.00
59.0;.0;.0;0;.00;M;30000.00;O;60464.00;.00;480.00;428.00;.00;.00;.00
34.0;.0;.0;1;9000.00;P;24000.00;U;.00;.00;468.00;400.00;.00;.00;.00
58.0;.0;.0;1;9600.00;W;.00;O;46464.00;12464.00;604.00;.00;.00;.00;.00
68.0;.0;.0;1;.00;V;15900.00;P;.00;.00;.00;.00;.00;.00;.00
42.0;.0;1.0;1;12000.00;M;7964.00;U;.00;.00;800.00;.00;.00;.00;.00
51.0;3.0;.0;1;.00;P;51000.00;O;12320.00;4928.00;1108.00;.00;.00;.00;.00
38.0;.0;.0;1;5600.00;V;42000.00;O;20928.00;4.00;.00;.00;.00;.00;.00
66.0;.0;.0;1;.00;P;22200.00;F;.00;.00;352.00;.00;.00;.00;.00
53.0;.0;1.0;1;.00;P;9464.00;O;57856.00;54464.00;1000.00;.00;.00;.00;.00
14.0;.0;.0;1;.00;R;.00;U;.00;.00;584.00;.00;.00;.00;1.00
56.0;.0;.0;1;.00;V;33000.00;P;.00;.00;.00;920.00;.00;.00;1.00
55.0;2.0;.0;1;.00;V;31500.00;O;60928.00;54464.00;960.00;.00;.00;.00;.00
18.0;.0;.0;0;.00;R;.00;O;14464.00;4.00;.00;.00;.00;.00;1.00
62.0;.0;.0;1;.00;P;21000.00;P;.00;.00;.00;.00;.00;.00;.00
8.0;.0;.0;1;.00;R;.00;U;.00;.00;.00;.00;.00;.00;1.00
60.0;.0;.0;1;.00;T;.00;P;.00;.00;.00;.00;.00;.00;1.00
61.0;2.0;.0;1;.00;P;16500.00;N;.00;.00;.00;.00;.00;.00;1.00
66.0;.0;.0;1;.00;T;6000.00;P;.00;.00;160.00;.00;.00;.00;.00
18.0;.0;.0;1;2000.00;R;24000.00;O;3392.00;.00;.00;.00;.00;.00;.00
62.0;1.0;.0;1;.00;P;19500.00;F;.00;.00;388.00;.00;.00;.00;.00
64.0;.0;.0;0;.00;P;20100.00;F;.00;.00;480.00;.00;.00;.00;1.00
40.0;2.0;.0;1;.00;V;64800.00;O;17856.00;48000.00;368.00;.00;.00;.00;1.00
65.0;.0;.0;1;.00;T;5538.00;P;.00;.00;400.00;.00;.00;.00;.00
66.0;.0;.0;0;.00;P;13800.00;F;.00;.00;272.00;.00;.00;32.00;.00
61.0;.0;.0;1;.00;P;33000.00;O;38464.00;24064.00;764.00;.00;.00;60.00;.00
42.0;1.0;.0;1;7000.00;E;9000.00;O;20928.00;22464.00;880.00;.00;.00;.00;1.00
28.0;.0;.0;1;.00;R;.00;N;.00;.00;.00;.00;.00;.00;.00
56.0;.0;.0;1;.00;P;24900.00;U;.00;.00;.00;.00;552.00;.00;.00
55.0;.0;.0;1;.00;P;29700.00;F;.00;.00;260.00;.00;.00;.00;.00
22.0;.0;.0;1;.00;R;45000.00;O;3392.00;9600.00;1240.00;.00;.00;160.00;.00
41.0;1.0;.0;1;.00;E;.00;U;.00;.00;368.00;.00;.00;.00;1.00
51.0;2.0;.0;1;2000.00;P;24000.00;O;8928.00;40000.00;368.00;200.00;.00;.00;1.00
55.0;1.0;.0;1;.00;E;9464.00;O;63392.00;23392.00;1400.00;.00;.00;.00;1.00
37.0;.0;1.0;1;.00;M;13964.00;O;40928.00;28928.00;1520.00;656.00;.00;.00;.00
42.0;.0;.0;1;1230.00;P;39000.00;O;54464.00;40000.00;.00;.00;.00;.00;1.00
62.0;.0;.0;1;8725.00;V;27969.00;O;26464.00;21864.00;688.00;320.00;.00;260.00;.00
61.0;.0;.0;1;2000.00;P;45000.00;O;62464.00;46464.00;840.00;.00;580.00;.00;.00
43.0;3.0;.0;1;1872.00;P;21000.00;U;.00;.00;388.00;.00;100.00;.00;1.00
58.0;2.0;.0;1;.00;B;45000.00;O;17856.00;52464.00;800.00;.00;.00;.00;.00
42.0;3.0;.0;1;1680.00;B;24000.00;O;3392.00;46000.00;292.00;.00;.00;.00;1.00
66.0;.0;.0;1;.00;E;.00;P;.00;.00;.00;.00;.00;.00;.00
60.0;.0;.0;0;.00;V;19323.00;N;.00;.00;.00;.00;.00;.00;1.00
62.0;.0;.0;1;.00;P;15000.00;P;.00;.00;340.00;.00;.00;.00;.00
56.0;.0;.0;1;.00;E;18000.00;P;.00;.00;.00;.00;.00;.00;1.00
41.0;2.0;.0;1;.00;P;27000.00;U;.00;.00;580.00;100.00;56.00;.00;.00
63.0;.0;.0;1;.00;E;15000.00;P;.00;.00;240.00;.00;.00;200.00;.00
66.0;.0;.0;1;.00;P;17010.00;P;.00;.00;.00;.00;.00;120.00;.00
64.0;.0;.0;1;.00;P;24300.00;P;.00;.00;200.00;160.00;.00;.00;1.00
52.0;.0;.0;1;11500.00;V;36000.00;O;60464.00;60464.00;.00;480.00;776.00;.00;.00
43.0;2.0;.0;1;.00;P;57000.00;O;48928.00;44000.00;320.00;620.00;.00;320.00;.00
10.0;1.0;.0;1;.00;R;22500.00;O;6928.00;4.00;.00;.00;.00;.00;.00
67.0;.0;.0;1;.00;P;13800.00;P;.00;.00;480.00;116.00;.00;.00;1.00
61.0;.0;.0;1;.00;P;19500.00;P;.00;.00;400.00;.00;.00;.00;.00
59.0;.0;.0;1;.00;P;9464.00;F;.00;.00;.00;.00;.00;.00;.00
52.0;2.0;.0;1;1000.00;P;9464.00;O;16960.00;54464.00;1200.00;.00;.00;.00;.00
57.0;1.0;.0;1;.00;W;.00;O;32928.00;.00;.00;.00;.00;.00;1.00
3.0;.0;.0;1;.00;R;.00;O;28928.00;4.00;.00;.00;.00;.00;1.00
57.0;1.0;.0;1;.00;P;16200.00;O;2992.00;14928.00;.00;.00;.00;.00;.00
23.0;.0;.0;1;.00;P;60000.00;N;.00;.00;.00;.00;.00;.00;.00
62.0;2.0;.0;1;.00;E;20160.00;O;34464.00;32464.00;720.00;.00;.00;.00;1.00
67.0;.0;.0;1;.00;T;5400.00;P;.00;.00;.00;.00;.00;.00;1.00
58.0;.0;.0;1;10300.00;P;54000.00;O;63392.00;18464.00;560.00;560.00;.00;.00;.00
27.0;.0;.0;1;10192.00;W;.00;O;8928.00;4.00;.00;.00;.00;.00;1.00
57.0;1.0;.0;0;4500.00;P;22500.00;U;.00;.00;320.00;56.00;.00;.00;.00
56.0;2.0;.0;1;.00;P;54000.00;O;22464.00;54800.00;500.00;.00;.00;120.00;.00
60.0;.0;.0;1;.00;P;30000.00;P;.00;.00;.00;800.00;.00;.00;.00
63.0;.0;.0;1;.00;P;31500.00;O;44464.00;39464.00;840.00;.00;.00;.00;.00
63.0;.0;.0;1;.00;V;20043.00;F;.00;.00;400.00;.00;.00;.00;1.00
15.0;.0;.0;1;.00;R;39000.00;O;48928.00;4.00;.00;.00;.00;.00;1.00
69.0;.0;.0;1;.00;T;.00;P;.00;.00;.00;.00;.00;.00;.00
52.0;2.0;.0;1;.00;P;50256.00;O;30464.00;.00;540.00;200.00;.00;.00;.00
64.0;.0;.0;1;.00;V;19818.00;F;.00;.00;280.00;.00;.00;.00;.00
50.0;.0;.0;1;.00;V;15588.00;O;.00;.00;.00;.00;.00;.00;.00
42.0;1.0;.0;1;20000.00;W;.00;N;.00;.00;.00;.00;.00;.00;.00
49.0;2.0;.0;1;2300.00;E;36000.00;O;8928.00;48000.00;348.00;680.00;.00;.00;.00
63.0;.0;.0;1;.00;U;.00;P;.00;.00;.00;.00;.00;.00;.00
62.0;2.0;.0;0;8500.00;V;24000.00;U;.00;.00;380.00;.00;.00;.00;.00
63.0;.0;.0;1;7000.00;E;36000.00;O;22464.00;2464.00;320.00;.00;.00;.00;.00
63.0;.0;.0;1;.00;P;20100.00;P;.00;.00;400.00;.00;.00;.00;.00
12.0;.0;.0;1;.00;R;.00;O;54464.00;4.00;.00;.00;.00;.00;1.00
47.0;.0;.0;1;.00;P;12464.00;O;17856.00;44000.00;364.00;1040.00;.00;.00;1.00
48.0;3.0;.0;1;.00;P;9464.00;F;.00;.00;1000.00;.00;.00;.00;.00
19.0;.0;1.0;1;.00;R;.00;O;.00;.00;.00;.00;.00;.00;.00
59.0;.0;.0;1;13000.00;P;25500.00;O;30464.00;.00;680.00;.00;.00;400.00;.00
24.0;.0;.0;1;.00;V;10311.00;U;.00;.00;448.00;.00;.00;.00;.00
65.0;.0;.0;1;.00;P;18000.00;F;.00;.00;.00;.00;.00;800.00;.00
47.0;.0;.0;1;.00;V;14976.00;O;.00;.00;.00;320.00;.00;.00;.00
67.0;.0;.0;1;.00;P;12000.00;P;.00;.00;160.00;200.00;.00;.00;.00
34.0;.0;.0;1;.00;P;.00;O;4464.00;.00;180.00;.00;.00;.00;1.00
60.0;.0;.0;1;6500.00;V;24000.00;O;.00;.00;468.00;240.00;.00;.00;1.00
40.0;1.0;.0;1;.00;E;37440.00;O;54464.00;34464.00;760.00;436.00;312.00;.00;1.00
69.0;.0;.0;1;.00;T;5400.00;P;.00;.00;.00;.00;.00;.00;1.00
18.0;.0;.0;1;.00;R;.00;U;.00;.00;192.00;.00;.00;.00;1.00
51.0;2.0;.0;1;2000.00;P;30000.00;O;8928.00;38464.00;740.00;160.00;120.00;20.00;.00
59.0;.0;.0;1;.00;P;18300.00;O;22464.00;22464.00;568.00;.00;.00;.00;1.00
62.0;.0;.0;1;.00;P;30000.00;P;.00;.00;.00;.00;.00;.00;.00
36.0;.0;.0;1;.00;V;40392.00;O;12320.00;.00;1760.00;372.00;76.00;280.00;.00
67.0;.0;.0;1;.00;P;18756.00;F;.00;.00;440.00;.00;.00;.00;.00
64.0;.0;.0;1;.00;V;22500.00;F;.00;.00;480.00;.00;.00;.00;.00
53.0;3.0;.0;1;10000.00;P;13500.00;O;54464.00;26464.00;640.00;700.00;.00;.00;.00
31.0;.0;.0;1;.00;V;.00;P;.00;.00;.00;.00;.00;.00;1.00
39.0;.0;.0;1;.00;V;23232.00;U;.00;.00;412.00;.00;.00;.00;.00
47.0;2.0;.0;0;3000.00;P;42000.00;O;14464.00;26000.00;244.00;.00;200.00;.00;.00
64.0;.0;.0;0;.00;P;21000.00;F;.00;.00;424.00;.00;.00;.00;.00
19.0;.0;.0;1;.00;R;.00;U;.00;.00;68.00;.00;.00;.00;.00
41.0;5.0;.0;1;.00;N;60000.00;O;.00;.00;.00;.00;.00;.00;.00
99.0;2.0;.0;1;11070.00;P;36000.00;O;35392.00;28928.00;1576.00;.00;.00;1600.00;.00
30.0;.0;.0;1;.00;P;13800.00;O;17856.00;.00;.00;.00;.00;.00;.00
54.0;2.0;.0;1;.00;W;.00;U;.00;.00;.00;.00;.00;.00;1.00
58.0;.0;.0;1;.00;V;25800.00;F;.00;.00;.00;.00;1196.00;.00;.00
59.0;.0;.0;1;17000.00;V;21000.00;O;28928.00;.00;.00;.00;.00;.00;1.00
52.0;.0;.0;1;.00;P;28575.00;O;48464.00;.00;800.00;.00;.00;200.00;.00
59.0;.0;.0;1;.00;P;25350.00;P;.00;.00;.00;.00;.00;.00;.00
41.0;2.0;.0;1;20000.00;V;18000.00;O;63392.00;62000.00;440.00;620.00;.00;.00;.00
39.0;1.0;.0;1;2000.00;P;54000.00;O;37856.00;40000.00;480.00;.00;.00;.00;.00
18.0;.0;.0;0;.00;R;8742.00;U;.00;.00;380.00;.00;.00;120.00;.00
57.0;2.0;.0;1;23000.00;W;.00;O;3392.00;28928.00;.00;.00;.00;.00;.00
43.0;1.0;1.0;1;.00;V;51000.00;O;23392.00;4.00;.00;440.00;120.00;.00;.00
50.0;2.0;.0;1;.00;E;36000.00;O;48928.00;.00;.00;.00;.00;.00;.00
33.0;.0;.0;1;.00;R;18000.00;U;.00;.00;248.00;.00;.00;.00;.00
67.0;.0;.0;1;.00;P;12516.00;P;.00;.00;.00;.00;.00;.00;.00
69.0;.0;.0;0;.00;P;13500.00;O;38464.00;4.00;.00;.00;.00;.00;1.00
62.0;1.0;.0;1;.00;V;36600.00;U;28928.00;.00;.00;428.00;80.00;80.00;.00
42.0;2.0;.0;1;.00;E;.00;U;.00;.00;.00;.00;.00;.00;.00
68.0;.0;.0;0;.00;T;.00;P;.00;.00;.00;.00;.00;.00;.00
31.0;.0;.0;1;2704.00;P;18204.00;U;.00;.00;424.00;.00;408.00;.00;1.00
48.0;.0;.0;1;.00;P;35271.00;O;54464.00;52000.00;380.00;.00;.00;.00;1.00
51.0;.0;.0;1;.00;M;45000.00;O;51392.00;28928.00;1888.00;.00;.00;.00;.00
60.0;2.0;.0;1;4500.00;W;.00;O;8928.00;59200.00;600.00;80.00;.00;.00;.00
26.0;2.0;.0;1;10000.00;W;.00;O;21856.00;4.00;.00;.00;.00;.00;1.00
33.0;.0;.0;1;.00;P;15990.00;U;.00;.00;.00;.00;.00;.00;1.00
30.0;.0;.0;1;.00;R;13140.00;O;28928.00;.00;.00;.00;.00;.00;1.00
68.0;.0;.0;0;6000.00;V;18000.00;F;.00;.00;600.00;.00;160.00;.00;1.00
69.0;.0;.0;1;.00;T;.00;P;.00;.00;.00;.00;.00;.00;.00
66.0;.0;.0;1;.00;P;11232.00;P;.00;.00;.00;.00;.00;.00;.00
99.0;.0;.0;0;.00;Z;.00;N;.00;.00;.00;.00;.00;.00;1.00
64.0;.0;.0;1;.00;T;.00;F;.00;.00;1000.00;.00;.00;.00;1.00
34.0;2.0;.0;1;.00;E;11520.00;O;14464.00;4.00;.00;.00;.00;.00;1.00
40.0;.0;.0;1;1800.00;P;30000.00;O;26464.00;.00;368.00;.00;.00;.00;1.00
44.0;2.0;.0;1;.00;E;15000.00;O;35392.00;4.00;.00;.00;.00;.00;.00
66.0;.0;.0;1;.00;P;26406.00;P;.00;.00;.00;.00;.00;.00;.00
34.0;.0;.0;1;.00;Z;.00;N;.00;.00;.00;.00;.00;.00;1.00
60.0;.0;.0;0;6000.00;N;18000.00;O;48928.00;4.00;.00;.00;.00;.00;.00
58.0;2.0;.0;1;6000.00;E;18000.00;O;.00;.00;.00;.00;.00;.00;1.00
68.0;.0;.0;1;.00;P;15000.00;P;.00;.00;.00;640.00;.00;.00;.00
68.0;.0;.0;1;.00;T;.00;F;.00;.00;120.00;.00;.00;.00;.00
56.0;.0;.0;1;.00;N;.00;U;.00;.00;1400.00;.00;.00;.00;.00
24.0;.0;.0;1;.00;R;60000.00;N;32320.00;4.00;.00;.00;.00;.00;1.00
30.0;.0;.0;1;3776.00;V;30000.00;O;60000.00;27720.00;372.00;.00;.00;.00;.00
12.0;.0;.0;1;.00;R;.00;O;14464.00;4.00;.00;.00;.00;.00;1.00
21.0;.0;.0;1;.00;E;54000.00;O;43392.00;4.00;.00;.00;.00;.00;.00
69.0;.0;.0;1;.00;T;.00;P;.00;.00;.00;.00;.00;.00;1.00
62.0;.0;.0;1;.00;P;12000.00;P;.00;.00;.00;48.00;60.00;.00;.00
68.0;.0;.0;1;.00;T;.00;P;.00;.00;.00;.00;.00;.00;.00
46.0;.0;.0;1;7000.00;E;15000.00;O;8928.00;30464.00;672.00;.00;.00;40.00;.00
46.0;3.0;.0;1;1900.00;V;34500.00;U;.00;.00;.00;744.00;.00;120.00;1.00
14.0;.0;.0;1;.00;R;.00;O;.00;.00;.00;.00;.00;.00;.00
33.0;.0;.0;1;5045.00;E;.00;U;.00;.00;440.00;436.00;.00;.00;.00
40.0;3.0;.0;1;7500.00;V;37500.00;O;3392.00;34464.00;.00;.00;.00;.00;1.00
9.0;.0;.0;0;.00;R;.00;O;43392.00;4.00;.00;.00;.00;.00;1.00
52.0;2.0;.0;1;2500.00;P;22500.00;O;928.00;6464.00;536.00;160.00;.00;.00;.00
61.0;.0;.0;1;8000.00;P;12600.00;U;.00;.00;420.00;104.00;.00;100.00;.00
54.0;.0;.0;1;.00;P;23100.00;O;12928.00;.00;.00;.00;.00;120.00;1.00
54.0;1.0;.0;1;2500.00;P;30000.00;O;22464.00;18464.00;420.00;.00;60.00;.00;.00
43.0;.0;.0;1;4500.00;P;33000.00;O;48928.00;30464.00;660.00;.00;.00;200.00;.00
64.0;.0;.0;1;.00;V;24327.00;P;.00;.00;320.00;.00;.00;.00;.00
66.0;.0;.0;1;.00;U;.00;P;46784.00;.00;.00;224.00;.00;80.00;1.00
62.0;.0;.0;1;.00;P;24600.00;P;.00;.00;.00;264.00;.00;60.00;.00
69.0;.0;.0;1;.00;T;.00;P;.00;.00;.00;.00;.00;.00;.00
55.0;2.0;.0;1;.00;P;.00;N;.00;.00;480.00;.00;.00;.00;1.00
52.0;2.0;.0;1;1955.00;P;33000.00;O;8928.00;22464.00;580.00;316.00;40.00;48.00;.00
99.0;.0;.0;1;.00;R;.00;U;.00;.00;.00;.00;.00;.00;1.00
52.0;.0;.0;1;.00;P;48000.00;O;28928.00;34464.00;800.00;.00;.00;.00;.00
58.0;2.0;.0;1;9425.00;P;29934.00;O;28928.00;54464.00;968.00;484.00;684.00;.00;.00
37.0;.0;.0;1;.00;E;51000.00;O;54464.00;48000.00;584.00;.00;400.00;.00;.00
67.0;.0;.0;1;.00;T;.00;N;.00;.00;.00;.00;.00;.00;.00
39.0;3.0;.0;1;.00;V;43500.00;O;28928.00;8000.00;400.00;240.00;.00;.00;1.00
26.0;.0;.0;1;2700.00;R;60150.00;O;48928.00;4.00;.00;.00;.00;.00;.00
57.0;.0;.0;1;.00;P;52353.00;P;.00;.00;.00;.00;.00;.00;.00
68.0;.0;.0;0;.00;P;13416.00;P;.00;.00;.00;.00;.00;.00;1.00
60.0;.0;.0;0;.00;P;42825.00;F;.00;.00;800.00;.00;.00;.00;.00
49.0;1.0;1.0;1;.00;W;.00;U;.00;.00;.00;.00;.00;.00;.00
56.0;.0;.0;1;.00;E;9464.00;O;36928.00;14464.00;640.00;.00;.00;800.00;.00
46.0;1.0;.0;1;.00;P;18928.00;O;44640.00;50464.00;800.00;.00;.00;1000.00;.00
66.0;.0;.0;1;.00;T;.00;P;.00;.00;.00;.00;.00;.00;1.00
68.0;.0;.0;1;.00;T;.00;P;.00;.00;.00;.00;.00;40.00;.00
39.0;.0;.0;1;15900.00;V;16500.00;O;23392.00;48000.00;624.00;880.00;.00;.00;1.00
29.0;.0;.0;1;1700.00;E;30000.00;O;54464.00;56000.00;432.00;.00;.00;.00;.00
69.0;.0;.0;1;.00;T;.00;P;.00;.00;.00;.00;.00;.00;1.00
49.0;2.0;.0;1;5000.00;P;43500.00;O;30464.00;40000.00;300.00;.00;.00;220.00;.00
43.0;.0;.0;0;.00;E;.00;O;.00;.00;.00;.00;.00;.00;.00
51.0;3.0;.0;0;.00;P;25641.00;N;.00;.00;88.00;.00;.00;.00;1.00
22.0;.0;.0;1;.00;R;17100.00;O;.00;.00;.00;.00;.00;.00;1.00
41.0;.0;2.0;1;.00;V;33000.00;O;.00;.00;.00;.00;.00;.00;1.00
61.0;1.0;.0;1;6500.00;V;37200.00;O;37856.00;56928.00;1760.00;512.00;.00;.00;.00
50.0;2.0;.0;1;2000.00;V;48000.00;O;43392.00;28928.00;1400.00;800.00;.00;120.00;1.00
66.0;.0;.0;1;.00;P;13260.00;P;.00;.00;240.00;.00;.00;120.00;.00
59.0;3.0;.0;1;.00;P;24000.00;U;.00;.00;.00;.00;.00;.00;1.00
52.0;.0;.0;1;.00;V;42300.00;O;57856.00;54464.00;872.00;512.00;.00;.00;.00
52.0;2.0;.0;1;.00;P;51690.00;O;34464.00;43600.00;296.00;1480.00;.00;60.00;.00
39.0;1.0;.0;1;50000.00;W;24464.00;O;23744.00;16800.00;.00;.00;.00;1200.00;.00
69.0;.0;.0;1;.00;T;.00;P;.00;.00;400.00;.00;.00;.00;1.00
69.0;.0;.0;1;.00;T;6570.00;P;.00;.00;308.00;.00;.00;.00;.00
60.0;1.0;.0;1;.00;P;30900.00;O;50464.00;31164.00;760.00;.00;.00;.00;.00
58.0;.0;.0;1;.00;P;45000.00;O;37856.00;14464.00;700.00;.00;.00;.00;.00
62.0;1.0;.0;1;1479.00;P;23400.00;U;.00;.00;452.00;.00;.00;.00;.00
55.0;.0;.0;1;.00;V;18900.00;O;22464.00;48000.00;440.00;324.00;.00;.00;.00
67.0;.0;.0;1;.00;M;16929.00;P;36928.00;52000.00;.00;.00;.00;.00;.00
52.0;1.0;.0;1;.00;P;9464.00;O;43392.00;28928.00;1600.00;.00;.00;.00;.00
58.0;2.0;.0;1;.00;E;18000.00;P;.00;.00;.00;.00;.00;.00;1.00
30.0;.0;.0;1;4670.00;P;27000.00;O;.00;.00;.00;.00;368.00;.00;.00
69.0;.0;.0;1;.00;T;.00;P;.00;.00;.00;.00;.00;.00;.00
55.0;.0;.0;1;10800.00;V;14832.00;O;46464.00;14464.00;648.00;156.00;360.00;.00;.00
57.0;.0;.0;1;.00;P;18928.00;O;15712.00;23392.00;1680.00;.00;.00;120.00;.00
46.0;.0;.0;1;.00;P;30000.00;O;23392.00;60000.00;720.00;.00;.00;.00;1.00
60.0;.0;.0;1;.00;P;27000.00;P;.00;.00;.00;.00;.00;.00;.00
56.0;.0;.0;1;.00;P;.00;U;.00;.00;480.00;560.00;.00;.00;.00
63.0;.0;.0;1;.00;V;19425.00;F;.00;.00;280.00;.00;.00;.00;.00
69.0;.0;.0;0;.00;T;.00;F;.00;.00;520.00;.00;.00;.00;1.00
20.0;.0;.0;1;.00;P;18978.00;U;.00;.00;120.00;108.00;.00;200.00;.00
57.0;2.0;.0;1;.00;P;16848.00;P;.00;.00;400.00;.00;.00;.00;.00
67.0;.0;.0;1;.00;T;6300.00;P;.00;.00;.00;.00;.00;.00;.00
67.0;.0;.0;0;.00;M;24000.00;N;.00;.00;.00;332.00;.00;.00;.00
26.0;1.0;.0;1;.00;R;30000.00;O;8928.00;.00;.00;.00;.00;.00;.00
64.0;.0;.0;1;.00;V;22500.00;P;.00;.00;200.00;.00;.00;.00;.00
67.0;.0;.0;1;.00;P;19500.00;P;.00;.00;.00;.00;384.00;.00;.00
53.0;.0;.0;1;.00;E;17400.00;F;.00;.00;320.00;.00;.00;.00;.00
65.0;.0;.0;1;.00;T;6309.00;F;.00;.00;400.00;.00;.00;.00;.00
68.0;1.0;.0;1;.00;T;.00;P;.00;.00;164.00;.00;.00;.00;.00
67.0;.0;.0;1;.00;P;14892.00;P;.00;.00;.00;.00;.00;.00;1.00
57.0;.0;.0;1;.00;P;30000.00;O;30464.00;18464.00;632.00;120.00;.00;.00;.00
59.0;.0;.0;1;.00;V;35400.00;O;26464.00;60000.00;520.00;468.00;.00;.00;.00
46.0;4.0;.0;1;5600.00;P;42000.00;O;28928.00;56000.00;440.00;.00;.00;.00;.00
30.0;2.0;.0;1;.00;R;9464.00;O;13568.00;61248.00;.00;5200.00;.00;.00;.00
49.0;2.0;.0;1;.00;W;.00;O;6784.00;20000.00;.00;164.00;.00;.00;.00
69.0;.0;.0;1;.00;T;.00;P;.00;.00;340.00;.00;.00;.00;1.00
69.0;.0;.0;1;.00;T;.00;P;.00;.00;720.00;.00;.00;.00;1.00
34.0;1.0;.0;1;36000.00;W;.00;O;48320.00;28928.00;1600.00;.00;.00;80.00;.00
58.0;.0;.0;1;.00;P;10500.00;O;42464.00;6464.00;672.00;40.00;.00;.00;.00
53.0;3.0;.0;1;.00;V;28206.00;O;36928.00;34464.00;780.00;.00;.00;.00;.00
52.0;2.0;.0;1;.00;P;33000.00;U;.00;.00;476.00;240.00;.00;.00;1.00
49.0;3.0;.0;1;2400.00;P;21600.00;U;.00;.00;448.00;.00;.00;.00;.00
68.0;.0;.0;1;.00;T;.00;P;.00;.00;280.00;.00;.00;.00;1.00
53.0;.0;.0;0;.00;P;45000.00;N;.00;.00;.00;.00;.00;.00;.00
13.0;.0;2.0;1;5200.00;R;33000.00;O;54464.00;4.00;.00;.00;.00;80.00;1.00
50.0;2.0;.0;1;34000.00;V;54000.00;O;64640.00;23392.00;1800.00;800.00;.00;2800.00;.00
68.0;.0;.0;0;.00;B;17247.00;U;.00;.00;332.00;224.00;.00;.00;.00
55.0;.0;.0;0;.00;P;12168.00;P;.00;.00;.00;.00;.00;68.00;1.00
69.0;.0;.0;1;.00;T;.00;P;.00;.00;.00;.00;.00;.00;1.00
52.0;1.0;.0;1;.00;P;.00;N;.00;.00;.00;.00;.00;.00;1.00
41.0;.0;.0;1;.00;E;42000.00;O;16960.00;3392.00;.00;.00;.00;.00;.00
55.0;.0;.0;1;.00;E;21000.00;O;6464.00;50800.00;340.00;.00;.00;.00;.00
40.0;.0;.0;1;10000.00;V;30000.00;O;60928.00;56000.00;412.00;.00;.00;400.00;.00
65.0;.0;.0;1;10000.00;V;19500.00;O;34464.00;20464.00;640.00;.00;640.00;180.00;.00
19.0;.0;.0;1;.00;R;.00;U;.00;.00;.00;.00;.00;.00;1.00
66.0;.0;.0;1;.00;T;5400.00;P;.00;.00;.00;.00;.00;32.00;1.00
58.0;.0;.0;1;.00;T;.00;F;.00;.00;1200.00;.00;.00;.00;1.00
67.0;.0;.0;1;.00;T;5745.00;P;.00;.00;.00;.00;.00;.00;.00
59.0;.0;.0;1;.00;E;48000.00;O;46464.00;14464.00;760.00;.00;.00;.00;.00
26.0;.0;.0;1;.00;R;13014.00;O;18464.00;3000.00;100.00;.00;.00;.00;.00
50.0;2.0;.0;1;2500.00;P;42000.00;O;36928.00;34464.00;880.00;208.00;.00;28.00;.00
65.0;.0;.0;1;4283.00;V;16092.00;U;.00;.00;416.00;.00;40.00;.00;.00
56.0;1.0;.0;1;.00;B;52500.00;O;28928.00;26464.00;1120.00;.00;.00;.00;.00
66.0;.0;.0;1;.00;P;15000.00;F;48928.00;.00;.00;.00;.00;.00;.00
68.0;.0;.0;1;.00;T;.00;P;.00;.00;340.00;.00;.00;.00;.00
53.0;4.0;1.0;1;2080.00;E;18000.00;U;.00;.00;320.00;.00;.00;.00;.00
44.0;2.0;.0;1;5000.00;M;60000.00;O;27392.00;46464.00;1400.00;.00;.00;.00;1.00
51.0;2.0;.0;1;.00;P;.00;O;.00;.00;.00;.00;.00;.00;1.00
61.0;2.0;.0;1;.00;W;.00;O;.00;.00;.00;.00;.00;.00;1.00
40.0;.0;.0;0;.00;U;.00;O;28928.00;4.00;.00;.00;.00;.00;.00
59.0;.0;.0;1;.00;T;.00;P;.00;.00;.00;.00;.00;.00;1.00
64.0;.0;.0;1;.00;T;.00;P;.00;.00;.00;.00;.00;.00;.00
10.0;2.0;.0;1;.00;R;.00;U;.00;.00;.00;.00;.00;.00;1.00
64.0;.0;.0;1;.00;P;28500.00;P;.00;.00;400.00;.00;.00;.00;.00
26.0;.0;.0;1;2640.00;R;14400.00;O;.00;.00;.00;.00;.00;.00;1.00
63.0;.0;.0;1;.00;P;12366.00;P;20928.00;16000.00;160.00;.00;.00;.00;.00
52.0;4.0;.0;1;.00;P;24464.00;O;17856.00;7392.00;2076.00;500.00;.00;.00;1.00
69.0;.0;.0;0;.00;P;10140.00;P;.00;.00;160.00;.00;.00;.00;.00
65.0;.0;.0;1;.00;P;17250.00;F;.00;.00;400.00;.00;.00;.00;.00
66.0;.0;.0;0;.00;P;16200.00;O;64000.00;63000.00;424.00;.00;88.00;.00;1.00
59.0;.0;.0;1;.00;E;30000.00;P;.00;.00;120.00;.00;.00;.00;.00
59.0;.0;.0;1;16000.00;P;27000.00;O;23392.00;8928.00;.00;.00;.00;80.00;.00
66.0;.0;.0;1;.00;V;18927.00;P;.00;.00;.00;.00;.00;20.00;.00
30.0;.0;.0;1;2000.00;B;24000.00;O;9264.00;44000.00;300.00;540.00;.00;.00;1.00
63.0;2.0;1.0;1;.00;M;.00;U;.00;.00;520.00;.00;.00;80.00;1.00
65.0;.0;.0;1;.00;T;.00;P;.00;.00;.00;.00;.00;.00;.00
52.0;3.0;.0;1;.00;P;42000.00;O;8928.00;62464.00;912.00;.00;.00;.00;.00
64.0;.0;.0;1;.00;V;21900.00;P;.00;.00;.00;.00;.00;120.00;1.00
66.0;.0;.0;1;.00;P;22005.00;F;.00;.00;360.00;280.00;.00;.00;.00
60.0;.0;.0;1;.00;T;13860.00;F;.00;.00;600.00;.00;.00;.00;.00
67.0;.0;.0;1;.00;P;16500.00;P;.00;.00;.00;.00;.00;.00;.00
63.0;.0;.0;0;.00;P;18000.00;F;.00;.00;280.00;.00;64.00;.00;1.00
64.0;.0;.0;1;.00;T;.00;F;.00;.00;400.00;.00;.00;.00;.00
68.0;.0;.0;1;.00;T;9000.00;P;.00;.00;.00;.00;.00;.00;.00
68.0;.0;.0;1;.00;P;17100.00;P;.00;.00;480.00;.00;160.00;.00;.00
57.0;2.0;.0;1;.00;P;27000.00;O;34464.00;.00;496.00;364.00;.00;.00;.00
69.0;.0;.0;1;.00;T;10500.00;P;.00;.00;.00;.00;.00;.00;.00
54.0;2.0;1.0;1;.00;P;31200.00;U;.00;.00;320.00;.00;.00;.00;.00
55.0;.0;.0;1;.00;B;27000.00;O;34464.00;.00;.00;.00;.00;.00;1.00
68.0;.0;.0;1;.00;P;.00;P;.00;.00;.00;.00;.00;.00;.00
59.0;.0;.0;1;.00;E;18928.00;O;15792.00;.00;.00;.00;.00;.00;.00
29.0;.0;.0;1;.00;V;15600.00;O;26464.00;4.00;.00;.00;.00;.00;1.00
58.0;.0;.0;1;.00;E;30000.00;P;.00;.00;.00;.00;.00;.00;.00
54.0;.0;.0;1;.00;P;21687.00;O;28928.00;4928.00;980.00;.00;.00;200.00;.00
47.0;3.0;.0;0;16000.00;V;7200.00;O;31392.00;52928.00;1720.00;680.00;48.00;.00;1.00
66.0;.0;.0;1;.00;T;4350.00;F;.00;.00;.00;.00;.00;.00;1.00
11.0;.0;.0;1;.00;Z;.00;N;.00;.00;.00;.00;.00;.00;1.00
62.0;1.0;.0;1;536.00;V;40434.00;O;16928.00;4928.00;980.00;.00;.00;.00;.00
66.0;.0;.0;1;.00;T;5745.00;P;.00;.00;320.00;.00;.00;.00;.00
46.0;4.0;.0;1;.00;E;30000.00;O;.00;.00;.00;.00;.00;.00;.00
56.0;2.0;1.0;1;.00;V;37500.00;U;.00;.00;256.00;300.00;.00;.00;1.00
55.0;.0;.0;1;5799.00;V;26145.00;O;46464.00;10464.00;536.00;1080.00;.00;.00;1.00
65.0;.0;.0;1;.00;T;8580.00;F;.00;.00;560.00;.00;.00;.00;.00
35.0;.0;.0;1;.00;P;13500.00;U;.00;.00;.00;.00;.00;.00;.00
69.0;.0;.0;1;.00;T;.00;P;.00;.00;.00;.00;.00;.00;1.00
69.0;.0;.0;1;.00;T;7500.00;P;.00;.00;480.00;.00;.00;.00;1.00
65.0;.0;.0;1;.00;P;18750.00;F;.00;.00;.00;.00;.00;.00;.00
67.0;.0;.0;0;.00;T;.00;F;.00;.00;1200.00;.00;.00;.00;.00
65.0;.0;.0;0;.00;T;.00;N;.00;.00;.00;.00;.00;.00;1.00
65.0;.0;.0;1;.00;P;22257.00;P;.00;.00;200.00;.00;.00;.00;.00
44.0;2.0;.0;1;.00;P;45000.00;O;.00;.00;1000.00;.00;.00;.00;.00
63.0;.0;.0;0;.00;V;21156.00;F;.00;.00;280.00;.00;.00;.00;.00
57.0;.0;.0;0;.00;P;21000.00;O;48928.00;46464.00;700.00;.00;.00;.00;.00
19.0;.0;.0;1;.00;R;.00;U;.00;.00;360.00;.00;.00;.00;1.00
45.0;2.0;.0;1;.00;P;39464.00;O;21248.00;928.00;1360.00;336.00;.00;.00;.00
59.0;.0;.0;1;.00;P;28500.00;P;.00;.00;.00;.00;.00;.00;.00
18.0;.0;.0;1;.00;R;9630.00;U;.00;.00;432.00;.00;.00;.00;.00
27.0;.0;.0;1;.00;E;3464.00;O;21248.00;24000.00;640.00;.00;.00;.00;.00
68.0;.0;.0;1;.00;T;6000.00;F;.00;.00;416.00;.00;.00;.00;.00
68.0;.0;.0;1;.00;T;.00;F;.00;.00;.00;.00;.00;.00;.00
69.0;.0;.0;1;.00;T;.00;F;.00;.00;520.00;.00;.00;.00;1.00
53.0;2.0;.0;1;5000.00;E;22500.00;U;.00;.00;400.00;392.00;80.00;120.00;.00
67.0;.0;.0;1;.00;P;10500.00;P;.00;.00;.00;.00;.00;.00;.00
66.0;.0;.0;0;.00;T;.00;P;.00;.00;.00;.00;.00;.00;.00
68.0;.0;.0;0;.00;T;.00;N;.00;.00;.00;.00;.00;.00;.00
51.0;.0;.0;1;.00;P;57000.00;O;64928.00;2464.00;504.00;.00;.00;.00;.00
68.0;.0;.0;1;.00;T;.00;P;.00;.00;.00;.00;.00;.00;1.00
69.0;.0;.0;1;.00;T;.00;F;.00;.00;448.00;.00;.00;.00;1.00
66.0;.0;.0;1;.00;P;27000.00;U;.00;.00;700.00;.00;.00;1100.00;.00
58.0;.0;.0;1;.00;V;22620.00;P;.00;.00;320.00;316.00;84.00;.00;.00
50.0;.0;.0;1;.00;V;47400.00;O;3392.00;3392.00;1400.00;.00;.00;.00;.00
61.0;.0;.0;1;15000.00;P;13500.00;U;.00;.00;.00;.00;.00;.00;.00
66.0;.0;.0;0;.00;T;882.00;F;.00;.00;.00;.00;.00;.00;.00
33.0;.0;.0;1;5162.00;P;32796.00;U;.00;.00;444.00;76.00;412.00;.00;.00
47.0;2.0;.0;1;.00;E;25200.00;O;52464.00;38464.00;824.00;.00;160.00;.00;.00
99.0;.0;.0;0;.00;Z;.00;N;.00;.00;.00;.00;.00;.00;.00
7.0;.0;.0;1;.00;R;12000.00;N;.00;.00;.00;.00;.00;.00;1.00
50.0;2.0;.0;0;.00;V;12000.00;F;.00;.00;1000.00;.00;.00;.00;1.00
68.0;.0;.0;1;.00;T;6426.00;F;.00;.00;360.00;.00;.00;.00;1.00
56.0;3.0;.0;1;.00;P;33000.00;U;.00;.00;520.00;.00;28.00;.00;1.00
8.0;.0;.0;1;.00;R;.00;N;.00;.00;.00;.00;.00;.00;1.00
44.0;2.0;.0;1;1250.00;P;51000.00;O;28928.00;20000.00;324.00;.00;200.00;.00;.00
65.0;.0;.0;1;.00;P;25500.00;P;.00;.00;.00;.00;.00;.00;.00
69.0;.0;.0;1;.00;T;5916.00;N;.00;.00;.00;.00;.00;.00;1.00
67.0;1.0;.0;0;.00;P;21750.00;U;.00;.00;448.00;.00;80.00;.00;.00
67.0;.0;.0;1;.00;T;5100.00;P;.00;.00;.00;.00;.00;.00;.00
62.0;.0;.0;0;.00;T;6000.00;F;.00;.00;.00;.00;.00;.00;.00
43.0;2.0;.0;1;.00;V;21942.00;O;.00;.00;.00;.00;.00;.00;.00
37.0;1.0;.0;1;7000.00;P;44100.00;O;43392.00;2464.00;600.00;.00;.00;40.00;.00
60.0;3.0;.0;0;.00;T;13365.00;P;.00;.00;144.00;.00;.00;.00;.00
63.0;.0;.0;1;.00;P;36600.00;P;.00;.00;.00;.00;360.00;200.00;.00
22.0;.0;.0;1;.00;R;.00;O;37856.00;4.00;.00;.00;.00;.00;1.00
19.0;.0;.0;1;.00;R;7044.00;F;.00;.00;.00;.00;.00;.00;1.00
32.0;.0;1.0;1;5000.00;P;33000.00;O;20928.00;42464.00;784.00;228.00;.00;.00;1.00
61.0;.0;.0;1;.00;P;27810.00;O;64000.00;60800.00;500.00;.00;.00;.00;1.00
26.0;.0;.0;0;.00;R;.00;N;.00;.00;.00;.00;.00;.00;1.00
39.0;4.0;1.0;1;.00;B;44529.00;O;39392.00;14464.00;800.00;84.00;.00;600.00;.00
46.0;1.0;.0;1;.00;V;45000.00;O;21248.00;24000.00;.00;.00;.00;180.00;1.00
64.0;.0;.0;1;11200.00;V;19800.00;O;38464.00;6464.00;.00;.00;.00;400.00;.00
35.0;.0;.0;1;5200.00;P;26487.00;O;16928.00;25352.00;244.00;280.00;.00;.00;.00
62.0;.0;.0;1;.00;P;.00;U;.00;.00;.00;188.00;176.00;.00;.00
65.0;.0;.0;1;.00;P;16611.00;F;.00;.00;308.00;.00;.00;.00;.00
57.0;.0;.0;1;.00;P;24000.00;O;34464.00;.00;.00;.00;.00;.00;.00
55.0;2.0;.0;1;3000.00;E;45000.00;O;50176.00;54464.00;864.00;.00;.00;1200.00;.00
32.0;.0;.0;1;.00;R;22500.00;O;54784.00;.00;.00;.00;.00;.00;.00
7.0;.0;.0;1;.00;R;.00;O;.00;.00;.00;.00;.00;.00;1.00
66.0;.0;.0;1;.00;P;26100.00;F;.00;.00;640.00;.00;.00;120.00;.00
62.0;.0;.0;1;.00;P;60000.00;F;.00;.00;800.00;.00;.00;.00;.00
49.0;2.0;.0;1;.00;E;36000.00;O;26464.00;60000.00;500.00;.00;428.00;.00;1.00
18.0;.0;.0;1;14000.00;R;.00;O;28928.00;4.00;.00;.00;.00;.00;1.00
57.0;.0;.0;1;.00;E;24000.00;O;.00;.00;.00;.00;.00;.00;1.00
53.0;.0;.0;1;18000.00;P;24000.00;O;48928.00;28928.00;1464.00;336.00;64.00;.00;1.00
68.0;.0;.0;1;.00;T;.00;U;.00;.00;320.00;.00;.00;.00;.00
59.0;1.0;.0;1;4160.00;P;11700.00;O;60000.00;15600.00;.00;.00;.00;.00;1.00
52.0;2.0;.0;1;7500.00;W;.00;O;3392.00;14464.00;980.00;.00;.00;.00;1.00
63.0;.0;.0;1;.00;M;30000.00;N;.00;.00;.00;264.00;.00;.00;1.00
51.0;2.0;.0;1;7500.00;P;16590.00;O;14464.00;.00;448.00;.00;144.00;.00;1.00
25.0;.0;.0;1;.00;P;36000.00;O;28928.00;4.00;.00;.00;.00;.00;1.00
55.0;2.0;.0;1;.00;V;58500.00;O;22464.00;40000.00;320.00;720.00;.00;.00;.00
47.0;2.0;.0;1;12000.00;W;.00;O;44928.00;44928.00;520.00;.00;.00;.00;.00
69.0;.0;.0;1;.00;T;4326.00;P;.00;.00;.00;.00;.00;.00;.00
55.0;2.0;.0;1;.00;V;9000.00;O;18464.00;46000.00;300.00;.00;.00;.00;.00
37.0;2.0;.0;1;6000.00;V;39666.00;O;37856.00;4928.00;1284.00;636.00;.00;.00;.00
57.0;.0;.0;1;.00;P;42000.00;O;62464.00;18464.00;1040.00;320.00;160.00;.00;1.00
27.0;.0;.0;1;.00;R;12000.00;O;32320.00;4.00;.00;.00;.00;.00;1.00
33.0;.0;.0;1;.00;P;43500.00;O;28928.00;4.00;.00;416.00;.00;.00;.00
26.0;.0;.0;1;.00;W;.00;U;.00;.00;368.00;.00;.00;.00;1.00
68.0;.0;.0;1;.00;T;5859.00;N;.00;.00;.00;.00;.00;.00;1.00
69.0;.0;.0;1;.00;T;.00;P;.00;.00;.00;.00;.00;.00;.00
69.0;.0;.0;0;.00;T;.00;F;.00;.00;448.00;.00;.00;.00;1.00
69.0;.0;.0;1;.00;T;.00;P;.00;.00;.00;.00;.00;.00;.00
66.0;1.0;.0;1;.00;P;.00;F;.00;.00;.00;.00;.00;.00;.00
65.0;.0;.0;1;.00;V;9495.00;N;.00;.00;.00;.00;.00;.00;.00
36.0;2.0;.0;1;.00;P;60000.00;O;20928.00;54464.00;1520.00;.00;.00;.00;.00
64.0;.0;.0;1;.00;P;17820.00;P;.00;.00;.00;.00;.00;.00;.00
65.0;.0;.0;1;.00;U;.00;P;.00;.00;.00;.00;.00;.00;.00
38.0;.0;.0;1;.00;P;24000.00;N;14464.00;4.00;.00;608.00;.00;.00;1.00
49.0;2.0;.0;1;.00;P;7200.00;O;28928.00;64000.00;440.00;.00;.00;.00;1.00
58.0;.0;.0;1;.00;P;42000.00;O;36464.00;30464.00;712.00;280.00;120.00;.00;.00
61.0;.0;.0;1;.00;V;28254.00;P;.00;.00;.00;528.00;.00;.00;1.00
56.0;.0;.0;1;2444.00;E;36000.00;O;36928.00;8928.00;1040.00;472.00;.00;.00;.00
47.0;.0;.0;1;.00;B;16662.00;P;.00;.00;.00;.00;.00;.00;1.00
67.0;.0;.0;1;.00;T;4500.00;F;.00;.00;.00;.00;.00;.00;1.00
56.0;.0;.0;1;.00;E;54000.00;U;.00;.00;320.00;.00;.00;.00;.00
69.0;.0;.0;0;.00;T;.00;P;.00;.00;.00;.00;.00;.00;1.00
62.0;.0;.0;1;.00;V;17565.00;P;.00;.00;.00;.00;.00;.00;1.00
57.0;1.0;.0;0;3640.00;P;29736.00;O;38464.00;38464.00;.00;120.00;640.00;.00;.00
50.0;4.0;.0;1;.00;T;21000.00;F;.00;.00;480.00;.00;.00;.00;.00
47.0;2.0;.0;1;.00;V;36000.00;O;28928.00;.00;.00;756.00;.00;80.00;.00
49.0;2.0;.0;1;9620.00;P;4680.00;F;.00;.00;.00;.00;.00;.00;1.00
56.0;.0;.0;0;.00;V;21750.00;O;60000.00;44000.00;440.00;.00;.00;120.00;.00
20.0;.0;.0;1;.00;R;.00;U;.00;.00;72.00;.00;.00;.00;.00
49.0;4.0;.0;1;.00;P;4896.00;O;28928.00;14464.00;.00;.00;.00;.00;.00
61.0;1.0;.0;1;.00;V;20358.00;O;26464.00;64000.00;656.00;.00;.00;.00;.00
69.0;.0;.0;1;.00;T;5745.00;P;.00;.00;340.00;.00;.00;.00;1.00
43.0;2.0;.0;1;.00;P;24464.00;O;43392.00;14928.00;1120.00;760.00;.00;200.00;.00
11.0;.0;.0;0;.00;R;13500.00;O;.00;.00;.00;.00;.00;.00;.00
63.0;.0;.0;1;6000.00;P;25500.00;U;.00;.00;280.00;508.00;.00;.00;.00
45.0;2.0;.0;1;.00;V;38403.00;O;48928.00;20000.00;200.00;.00;.00;.00;.00
69.0;.0;.0;1;.00;T;5859.00;P;.00;.00;100.00;.00;.00;.00;1.00
66.0;.0;.0;0;.00;T;.00;F;.00;.00;480.00;.00;.00;.00;.00
61.0;.0;.0;1;.00;P;30000.00;F;.00;.00;.00;.00;400.00;.00;.00
44.0;2.0;.0;1;12800.00;P;44400.00;O;32928.00;22464.00;712.00;760.00;.00;160.00;1.00
68.0;.0;.0;1;.00;P;12000.00;P;.00;.00;240.00;.00;.00;.00;1.00
47.0;.0;.0;1;.00;V;27000.00;O;34464.00;56000.00;484.00;.00;.00;40.00;1.00
55.0;2.0;.0;1;.00;E;30000.00;O;48928.00;4.00;.00;.00;256.00;.00;.00
33.0;1.0;.0;1;8056.00;V;50484.00;O;23392.00;4.00;.00;.00;.00;200.00;.00
44.0;1.0;.0;1;.00;E;30000.00;O;53248.00;6464.00;800.00;.00;.00;.00;1.00
46.0;1.0;.0;0;.00;P;51000.00;O;43392.00;24000.00;344.00;464.00;.00;.00;.00
33.0;.0;.0;1;.00;W;.00;O;48928.00;28000.00;200.00;28000.00;.00;.00;1.00
69.0;.0;.0;0;.00;T;.00;P;.00;.00;.00;.00;.00;.00;.00
36.0;.0;1.0;1;.00;P;18928.00;F;.00;.00;.00;1440.00;.00;1200.00;.00
7.0;.0;.0;1;.00;R;.00;O;14464.00;4.00;.00;.00;.00;.00;.00
61.0;.0;.0;1;.00;P;12960.00;P;.00;.00;.00;.00;.00;.00;.00
65.0;.0;.0;1;12000.00;T;.00;O;.00;.00;640.00;604.00;.00;80.00;.00
58.0;.0;.0;1;.00;P;24000.00;O;28928.00;64000.00;680.00;.00;.00;.00;1.00
58.0;2.0;.0;1;.00;P;39000.00;F;.00;.00;280.00;.00;44.00;.00;.00
36.0;.0;.0;1;.00;P;15000.00;O;14464.00;32000.00;532.00;.00;.00;.00;.00
64.0;.0;.0;1;.00;T;.00;P;.00;.00;.00;.00;.00;.00;.00
68.0;.0;.0;1;.00;P;17334.00;P;.00;.00;.00;.00;.00;.00;.00
62.0;1.0;.0;0;5040.00;M;18000.00;F;.00;.00;172.00;288.00;.00;60.00;.00
63.0;.0;.0;1;14000.00;V;24000.00;O;43928.00;24320.00;1308.00;.00;.00;.00;.00
55.0;1.0;.0;1;.00;P;31980.00;N;.00;.00;.00;.00;.00;300.00;.00
60.0;.0;.0;1;.00;V;22500.00;O;22464.00;22464.00;600.00;.00;.00;.00;1.00
53.0;3.0;.0;1;.00;P;42000.00;O;8928.00;34464.00;720.00;360.00;.00;80.00;.00
39.0;1.0;.0;1;24000.00;E;5184.00;O;17856.00;50464.00;1200.00;.00;.00;800.00;.00
49.0;1.0;.0;1;.00;P;56100.00;O;32320.00;42464.00;400.00;420.00;.00;.00;.00
59.0;.0;.0;1;.00;P;25620.00;P;.00;.00;.00;.00;.00;.00;.00
99.0;.0;.0;1;.00;Z;21000.00;N;.00;.00;.00;.00;.00;60.00;.00
21.0;1.0;.0;1;20000.00;W;.00;O;32320.00;4.00;.00;.00;.00;.00;.00
51.0;5.0;.0;1;3690.00;P;24255.00;U;.00;.00;.00;.00;.00;.00;.00
69.0;.0;.0;1;.00;V;.00;P;.00;.00;.00;.00;.00;.00;1.00
64.0;.0;.0;1;.00;V;20400.00;U;.00;.00;192.00;.00;.00;.00;.00
53.0;2.0;.0;1;1200.00;P;30000.00;O;54464.00;48000.00;528.00;.00;.00;.00;.00
51.0;3.0;.0;1;.00;V;17640.00;N;.00;.00;.00;.00;.00;.00;.00
55.0;1.0;.0;1;1800.00;B;36000.00;O;22464.00;64000.00;640.00;240.00;.00;.00;.00
65.0;.0;.0;1;.00;P;19500.00;P;.00;.00;.00;.00;.00;.00;.00
47.0;2.0;.0;1;.00;P;18900.00;U;.00;.00;.00;.00;.00;.00;.00
68.0;.0;.0;1;.00;P;12960.00;F;.00;.00;480.00;36.00;.00;.00;.00
53.0;2.0;.0;1;10000.00;V;9900.00;U;.00;.00;588.00;.00;.00;.00;.00
68.0;.0;.0;1;.00;P;10800.00;P;.00;.00;200.00;.00;.00;.00;1.00
52.0;2.0;.0;1;2000.00;V;24000.00;U;.00;.00;448.00;.00;.00;.00;.00
69.0;.0;.0;1;.00;T;.00;P;.00;.00;640.00;.00;.00;.00;.00
40.0;1.0;.0;1;10000.00;E;9464.00;O;3392.00;46464.00;1000.00;.00;.00;.00;.00
41.0;.0;.0;1;.00;P;29400.00;U;.00;.00;216.00;100.00;.00;.00;.00
58.0;.0;.0;1;.00;P;22500.00;O;50464.00;38464.00;904.00;.00;.00;.00;1.00
64.0;.0;.0;0;.00;P;22080.00;O;22464.00;12864.00;620.00;220.00;100.00;.00;.00
58.0;.0;.0;0;.00;V;7800.00;U;.00;.00;360.00;.00;.00;.00;.00
61.0;.0;.0;1;.00;P;.00;F;.00;.00;.00;.00;.00;.00;1.00
63.0;.0;.0;0;.00;P;22800.00;O;6464.00;6464.00;584.00;120.00;.00;.00;1.00
46.0;3.0;.0;1;10500.00;V;30000.00;O;8928.00;34464.00;700.00;480.00;.00;.00;.00
57.0;.0;.0;1;.00;P;49500.00;O;25392.00;6928.00;940.00;80.00;200.00;.00;1.00
68.0;.0;.0;1;.00;P;13482.00;P;.00;.00;320.00;.00;.00;.00;.00
63.0;.0;.0;1;.00;P;25500.00;U;.00;.00;320.00;200.00;72.00;.00;1.00
54.0;.0;.0;1;.00;P;10214.00;O;10176.00;52320.00;3800.00;700.00;.00;.00;1.00
59.0;.0;.0;1;.00;T;6000.00;F;.00;.00;480.00;.00;.00;.00;1.00
59.0;.0;.0;0;.00;U;.00;N;.00;.00;.00;.00;.00;.00;1.00
56.0;2.0;.0;1;.00;P;37500.00;O;23392.00;26464.00;700.00;.00;.00;.00;.00
54.0;2.0;.0;1;3000.00;V;48600.00;O;46464.00;30464.00;624.00;264.00;.00;.00;.00
66.0;.0;.0;1;.00;E;9000.00;P;.00;.00;.00;.00;.00;.00;.00
67.0;.0;.0;1;.00;V;14625.00;U;.00;.00;320.00;.00;88.00;.00;.00
43.0;.0;.0;1;10000.00;V;15000.00;O;36464.00;.00;592.00;464.00;.00;.00;1.00
69.0;.0;.0;1;.00;T;.00;O;20928.00;4.00;.00;.00;.00;200.00;.00
58.0;1.0;.0;1;.00;V;46944.00;O;48464.00;42464.00;720.00;100.00;392.00;.00;.00
30.0;.0;.0;1;3800.00;V;8100.00;O;22464.00;4.00;.00;.00;.00;.00;.00
18.0;.0;.0;1;.00;R;.00;N;.00;.00;.00;.00;.00;.00;1.00
67.0;.0;.0;1;.00;T;4680.00;F;.00;.00;400.00;.00;.00;.00;.00
69.0;.0;.0;0;.00;T;5700.00;F;.00;.00;72.00;.00;.00;.00;.00
31.0;.0;.0;1;.00;P;.00;U;.00;.00;416.00;.00;.00;.00;.00
64.0;.0;.0;0;.00;P;26226.00;O;34464.00;.00;856.00;.00;.00;.00;.00
55.0;.0;.0;1;9000.00;P;10545.00;O;34464.00;.00;800.00;.00;.00;.00;1.00
52.0;2.0;.0;1;.00;P;42000.00;O;52464.00;464.00;.00;.00;.00;.00;.00
29.0;2.0;.0;1;.00;E;.00;O;.00;.00;.00;.00;.00;.00;1.00
55.0;.0;.0;1;.00;P;51000.00;P;.00;.00;.00;.00;544.00;80.00;.00
50.0;1.0;.0;1;.00;P;6000.00;O;58464.00;40000.00;288.00;.00;.00;.00;1.00
45.0;1.0;.0;1;.00;P;42000.00;O;61248.00;30464.00;880.00;.00;.00;.00;1.00
23.0;.0;.0;1;.00;R;15000.00;O;32320.00;4.00;.00;.00;.00;.00;.00
57.0;.0;.0;1;.00;E;27000.00;U;.00;.00;328.00;.00;.00;.00;1.00
66.0;.0;.0;1;.00;T;5715.00;F;.00;.00;412.00;.00;.00;.00;.00
63.0;.0;.0;1;.00;P;18720.00;P;.00;.00;80.00;.00;.00;.00;.00
67.0;1.0;.0;0;.00;B;19500.00;U;.00;.00;356.00;168.00;144.00;.00;.00
55.0;1.0;.0;1;.00;P;12000.00;U;.00;.00;.00;.00;.00;.00;1.00
52.0;.0;.0;1;10200.00;V;36600.00;O;46464.00;.00;684.00;240.00;400.00;40.00;.00
30.0;3.0;.0;1;.00;R;.00;O;10784.00;4.00;.00;.00;.00;100.00;.00
50.0;4.0;.0;1;7000.00;B;35400.00;O;4928.00;60000.00;532.00;.00;248.00;440.00;.00
59.0;.0;.0;1;9500.00;P;15660.00;O;30464.00;46000.00;288.00;.00;516.00;.00;.00
42.0;1.0;.0;1;.00;P;30600.00;O;28928.00;54464.00;.00;.00;.00;.00;1.00
66.0;.0;.0;1;.00;V;19131.00;P;.00;.00;.00;.00;.00;.00;.00
48.0;3.0;.0;1;.00;E;.00;O;.00;.00;.00;.00;.00;.00;1.00
66.0;.0;.0;1;.00;T;.00;F;.00;.00;440.00;.00;.00;.00;.00
69.0;.0;.0;1;.00;P;9360.00;P;.00;.00;.00;.00;.00;.00;1.00
39.0;.0;.0;1;1440.00;V;25500.00;U;.00;.00;108.00;320.00;.00;.00;.00
42.0;3.0;.0;1;.00;Z;.00;N;.00;.00;.00;.00;.00;.00;.00
58.0;.0;.0;1;5000.00;V;31320.00;F;.00;.00;500.00;.00;.00;.00;.00
59.0;1.0;.0;0;.00;P;18000.00;U;.00;.00;320.00;216.00;.00;.00;.00
54.0;2.0;.0;0;1800.00;B;27600.00;O;52464.00;47964.00;776.00;.00;.00;.00;1.00
53.0;.0;.0;1;.00;E;18000.00;N;.00;.00;.00;300.00;.00;.00;.00
49.0;2.0;.0;1;14700.00;P;18210.00;O;28928.00;22464.00;584.00;640.00;.00;60.00;.00
69.0;.0;.0;1;.00;T;4296.00;P;.00;.00;.00;.00;.00;.00;.00
69.0;.0;.0;1;.00;T;12000.00;P;.00;.00;.00;.00;.00;.00;.00
38.0;.0;.0;1;.00;R;16248.00;U;.00;.00;388.00;.00;.00;.00;.00
28.0;3.0;.0;1;15000.00;V;30000.00;O;11392.00;40000.00;760.00;.00;.00;.00;1.00
40.0;.0;.0;1;4353.00;P;5292.00;N;.00;.00;.00;.00;.00;.00;1.00
57.0;.0;.0;1;.00;P;30000.00;O;34464.00;32464.00;760.00;.00;280.00;.00;.00
57.0;1.0;.0;1;.00;P;30000.00;O;64000.00;52000.00;384.00;.00;.00;.00;.00
56.0;.0;.0;1;11000.00;V;36102.00;O;62464.00;.00;720.00;.00;.00;.00;.00
64.0;.0;.0;1;.00;P;27000.00;F;.00;.00;600.00;.00;.00;360.00;.00
48.0;2.0;.0;1;.00;M;39000.00;O;14464.00;.00;240.00;160.00;.00;.00;.00
99.0;.0;.0;0;.00;R;.00;N;.00;.00;.00;.00;.00;.00;1.00
44.0;.0;.0;1;.00;P;48000.00;O;48928.00;54464.00;1200.00;308.00;.00;.00;.00
53.0;.0;.0;1;.00;E;928.00;O;43392.00;4.00;.00;.00;.00;.00;.00
57.0;1.0;.0;1;11000.00;V;21741.00;O;928.00;40464.00;.00;.00;.00;100.00;1.00
44.0;1.0;.0;1;8000.00;W;.00;U;.00;.00;628.00;.00;.00;680.00;1.00
39.0;3.0;.0;1;3000.00;E;42000.00;O;20928.00;54464.00;1200.00;600.00;.00;.00;1.00
68.0;.0;.0;1;.00;E;12480.00;U;.00;.00;480.00;.00;.00;.00;.00
45.0;1.0;.0;0;.00;P;.00;O;57856.00;12928.00;.00;200.00;.00;.00;.00
60.0;.0;.0;1;.00;P;23850.00;O;28928.00;4.00;.00;500.00;.00;.00;1.00
65.0;.0;.0;1;.00;V;27279.00;F;.00;.00;740.00;.00;.00;160.00;.00
40.0;.0;.0;1;6000.00;V;30000.00;U;.00;.00;384.00;.00;.00;.00;.00
62.0;.0;.0;1;.00;W;.00;U;.00;.00;.00;.00;.00;.00;1.00
65.0;.0;.0;1;.00;V;15000.00;P;.00;.00;.00;.00;.00;.00;.00
22.0;2.0;.0;1;.00;E;.00;O;.00;.00;.00;.00;.00;.00;1.00
55.0;2.0;.0;1;.00;P;18000.00;O;46464.00;.00;.00;684.00;300.00;.00;1.00
59.0;2.0;.0;1;.00;V;17889.00;O;4928.00;50464.00;.00;.00;.00;.00;1.00
69.0;.0;.0;1;.00;T;.00;P;.00;.00;.00;.00;.00;.00;.00
50.0;2.0;.0;1;11100.00;V;49500.00;O;52192.00;27392.00;1740.00;472.00;.00;36.00;.00
69.0;.0;.0;1;.00;P;18000.00;P;.00;.00;.00;472.00;.00;.00;.00
45.0;2.0;.0;1;30000.00;E;9000.00;N;.00;.00;.00;.00;.00;.00;.00
41.0;1.0;1.0;1;12400.00;P;52500.00;O;3392.00;24000.00;400.00;1600.00;.00;.00;.00
65.0;.0;.0;0;.00;M;.00;F;.00;.00;.00;200.00;336.00;104.00;.00
61.0;.0;.0;1;.00;P;18000.00;F;.00;.00;.00;.00;.00;.00;.00
57.0;.0;.0;1;11700.00;P;52500.00;O;46784.00;7392.00;2048.00;.00;.00;160.00;.00
52.0;.0;.0;1;.00;P;60000.00;O;63392.00;54464.00;1900.00;.00;.00;.00;.00
61.0;.0;.0;1;.00;P;12480.00;P;.00;.00;.00;.00;.00;.00;1.00
62.0;.0;.0;1;.00;E;24000.00;F;.00;.00;400.00;.00;.00;.00;.00
64.0;.0;.0;1;.00;P;21240.00;P;.00;.00;320.00;.00;.00;.00;.00
58.0;2.0;.0;1;.00;P;23400.00;O;20928.00;46464.00;400.00;.00;68.00;76.00;.00
48.0;.0;.0;0;.00;P;9000.00;F;.00;.00;320.00;28.00;.00;.00;.00
49.0;2.0;.0;1;.00;P;24464.00;O;3392.00;34464.00;800.00;.00;.00;320.00;.00
8.0;.0;.0;1;.00;R;.00;U;.00;.00;.00;.00;.00;.00;1.00
46.0;.0;.0;0;.00;P;51996.00;O;60800.00;38400.00;636.00;.00;.00;.00;1.00
58.0;.0;.0;1;.00;V;21900.00;F;.00;.00;600.00;296.00;.00;.00;.00
64.0;1.0;.0;1;.00;V;24852.00;O;34464.00;20464.00;528.00;360.00;.00;.00;.00
64.0;.0;.0;1;.00;P;52500.00;P;.00;.00;.00;.00;.00;.00;.00
20.0;.0;1.0;1;1000.00;R;60000.00;O;6784.00;40000.00;744.00;.00;.00;.00;1.00
35.0;4.0;.0;1;8000.00;E;6000.00;O;43392.00;6400.00;.00;.00;.00;600.00;.00
22.0;.0;.0;1;.00;R;.00;O;14464.00;4.00;.00;.00;.00;.00;1.00
61.0;.0;.0;1;2500.00;E;15000.00;O;60464.00;22000.00;416.00;880.00;.00;.00;.00
52.0;4.0;1.0;1;.00;V;37764.00;U;.00;.00;.00;340.00;.00;.00;.00
56.0;3.0;.0;1;1200.00;P;31500.00;O;6928.00;46464.00;784.00;256.00;.00;.00;1.00
60.0;.0;.0;1;.00;E;46800.00;O;11392.00;928.00;1144.00;680.00;.00;108.00;.00
20.0;.0;.0;1;.00;R;.00;N;.00;.00;.00;.00;.00;.00;1.00
66.0;.0;.0;1;.00;T;5538.00;P;.00;.00;492.00;.00;.00;.00;.00
